,top_similar_drugs,Group
Compound_2,"['Pomalidomide', 'Tolvaptan', '2-{[(6-OXO-1,6-DIHYDROPYRIDIN-3-YL)METHYL]AMINO}-N-[4-PROPYL-3-(TRIFLUOROMETHYL)PHENYL]BENZAMIDE', 'Apremilast', 'Metolazone', 'Tariquidar', 'Lenalidomide', '6-CARBAMIMIDOYL-4-(3-HYDROXY-2-METHYL-BENZOYLAMINO)-NAPHTHALENE-2-CARBOXYLIC ACID METHYL ESTER', 'N-(4-chlorophenyl)-2-[(pyridin-4-ylmethyl)amino]benzamide', '(1S)-2-oxo-1-phenyl-2-[(1,3,4-trioxo-1,2,3,4-tetrahydroisoquinolin-5-yl)amino]ethyl acetate', '(1S)-1-(3-chlorophenyl)-2-oxo-2-[(1,3,4-trioxo-1,2,3,4-tetrahydroisoquinolin-5-yl)amino]ethyl acetate', 'Pagoclone', ""N'-(Pyrrolidino[2,1-B]Isoindolin-4-On-8-Yl)-N-(Pyridin-2-Yl)Urea"", ""5-(4-METHYL-BENZOYLAMINO)-BIPHENYL-3,4'-DICARBOXYLIC ACID 3-DIMETHYLAMIDE-4'-HYDROXYAMIDE"", '1-(5-OXO-2,3,5,9B-TETRAHYDRO-1H-PYRROLO[2,1-A]ISOINDOL-9-YL)-3-(5-PYRROLIDIN-2-YL-1H-PYRAZOL-3-YL)-UREA', 'Betrixaban', '3-FLUORO-5-MORPHOLIN-4-YL-N-[1-(2-PYRIDIN-4-YLETHYL)-1H-INDOL-6-YL]BENZAMIDE', '3-fluoro-N-1H-indol-5-yl-5-morpholin-4-ylbenzamide', 'N-(7-CARBAMIMIDOYL-NAPHTHALEN-1-YL)-3-HYDROXY-2-METHYL-BENZAMIDE', ""N'-(6-aminopyridin-3-yl)-N-(2-cyclopentylethyl)-4-methyl-benzene-1,3-dicarboxamide""]",1
Compound_3,"['Apremilast', 'Tolvaptan', 'Tariquidar', 'Pomalidomide', 'Metolazone', '1-(5-OXO-2,3,5,9B-TETRAHYDRO-1H-PYRROLO[2,1-A]ISOINDOL-9-YL)-3-(5-PYRROLIDIN-2-YL-1H-PYRAZOL-3-YL)-UREA', '3-FLUORO-5-MORPHOLIN-4-YL-N-[1-(2-PYRIDIN-4-YLETHYL)-1H-INDOL-6-YL]BENZAMIDE', '(1S)-1-(3-chlorophenyl)-2-oxo-2-[(1,3,4-trioxo-1,2,3,4-tetrahydroisoquinolin-5-yl)amino]ethyl acetate', '(1S)-2-oxo-1-phenyl-2-[(1,3,4-trioxo-1,2,3,4-tetrahydroisoquinolin-5-yl)amino]ethyl acetate', 'Pagoclone', 'Betrixaban', ""N'-(Pyrrolidino[2,1-B]Isoindolin-4-On-8-Yl)-N-(Pyridin-2-Yl)Urea"", '3-fluoro-N-1H-indol-5-yl-5-morpholin-4-ylbenzamide', '3-FLUORO-5-MORPHOLIN-4-YL-N-[3-(2-PYRIDIN-4-YLETHYL)-1H-INDOL-5-YL]BENZAMIDE', '2-{[(6-OXO-1,6-DIHYDROPYRIDIN-3-YL)METHYL]AMINO}-N-[4-PROPYL-3-(TRIFLUOROMETHYL)PHENYL]BENZAMIDE', '6-CARBAMIMIDOYL-4-(3-HYDROXY-2-METHYL-BENZOYLAMINO)-NAPHTHALENE-2-CARBOXYLIC ACID METHYL ESTER', 'Entrectinib', '5-[1-(3,4-Dimethoxy-Benzoyl)-1,2,3,4-Tetrahydro-Quinolin-6-Yl]-6-Methyl-3,6-Dihydro-[1,3,4]Thiadiazin-2-One', 'Tazemetostat', '(3Z)-1-[(6-fluoro-4H-1,3-benzodioxin-8-yl)methyl]-4-[(E)-2-phenylethenyl]-1H-indole-2,3-dione 3-oxime']",1
Compound_5,"['Vintafolide', ""3''-(Beta-Chloroethyl)-2'',4''-Dioxo-3, 5''-Spiro-Oxazolidino-4-Deacetoxy-Vinblastine"", 'Vinflunine', 'Vincristine', 'Vinorelbine', 'Verdoheme', 'Vinblastine', 'Apremilast', 'Tariquidar', 'Vindesine', 'Naldemedine', 'Letermovir', 'Eravacycline', 'Rifalazil', '1-(5-OXO-2,3,5,9B-TETRAHYDRO-1H-PYRROLO[2,1-A]ISOINDOL-9-YL)-3-(5-PYRROLIDIN-2-YL-1H-PYRAZOL-3-YL)-UREA', '(3Z)-1-[(6-fluoro-4H-1,3-benzodioxin-8-yl)methyl]-4-[(E)-2-phenylethenyl]-1H-indole-2,3-dione 3-oxime', '3-FLUORO-5-MORPHOLIN-4-YL-N-[1-(2-PYRIDIN-4-YLETHYL)-1H-INDOL-6-YL]BENZAMIDE', 'Metolazone', 'Trabectedin', '(3E)-5-fluoro-1-[(6-fluoro-4H-1,3-benzodioxin-8-yl)methyl]-1H-indole-2,3-dione 3-oxime']",2
Compound_6,"['3-FLUORO-5-MORPHOLIN-4-YL-N-[1-(2-PYRIDIN-4-YLETHYL)-1H-INDOL-6-YL]BENZAMIDE', 'Apremilast', 'Metolazone', 'Tolvaptan', '3-FLUORO-5-MORPHOLIN-4-YL-N-[3-(2-PYRIDIN-4-YLETHYL)-1H-INDOL-5-YL]BENZAMIDE', 'Tariquidar', '1-(5-OXO-2,3,5,9B-TETRAHYDRO-1H-PYRROLO[2,1-A]ISOINDOL-9-YL)-3-(5-PYRROLIDIN-2-YL-1H-PYRAZOL-3-YL)-UREA', '3-fluoro-N-1H-indol-5-yl-5-morpholin-4-ylbenzamide', 'Pomalidomide', 'Pagoclone', '(3Z)-1-[(6-fluoro-4H-1,3-benzodioxin-8-yl)methyl]-4-[(E)-2-phenylethenyl]-1H-indole-2,3-dione 3-oxime', '(1S)-1-(3-chlorophenyl)-2-oxo-2-[(1,3,4-trioxo-1,2,3,4-tetrahydroisoquinolin-5-yl)amino]ethyl acetate', '(1S)-2-oxo-1-phenyl-2-[(1,3,4-trioxo-1,2,3,4-tetrahydroisoquinolin-5-yl)amino]ethyl acetate', 'Vintafolide', '(3E)-5-fluoro-1-[(6-fluoro-4H-1,3-benzodioxin-8-yl)methyl]-1H-indole-2,3-dione 3-oxime', '5-[1-(3,4-Dimethoxy-Benzoyl)-1,2,3,4-Tetrahydro-Quinolin-6-Yl]-6-Methyl-3,6-Dihydro-[1,3,4]Thiadiazin-2-One', 'Letermovir', ""N'-(Pyrrolidino[2,1-B]Isoindolin-4-On-8-Yl)-N-(Pyridin-2-Yl)Urea"", ""3''-(Beta-Chloroethyl)-2'',4''-Dioxo-3, 5''-Spiro-Oxazolidino-4-Deacetoxy-Vinblastine"", 'Entrectinib']",2
Compound_8,"['Vintafolide', 'Vinorelbine', 'Vinflunine', 'Vincristine', 'Apremilast', ""3''-(Beta-Chloroethyl)-2'',4''-Dioxo-3, 5''-Spiro-Oxazolidino-4-Deacetoxy-Vinblastine"", 'Vinblastine', 'Vindesine', 'Verdoheme', 'Tariquidar', '1-(5-OXO-2,3,5,9B-TETRAHYDRO-1H-PYRROLO[2,1-A]ISOINDOL-9-YL)-3-(5-PYRROLIDIN-2-YL-1H-PYRAZOL-3-YL)-UREA', 'Omadacycline', 'Eravacycline', 'Naldemedine', 'Minocycline', 'Trabectedin', 'Letermovir', 'Pagoclone', 'Rifalazil', 'Relcovaptan']",3
Compound_13,"['Pomalidomide', 'Lenalidomide', 'Thalidomide', 'Vintafolide', 'Vinflunine', ""3''-(Beta-Chloroethyl)-2'',4''-Dioxo-3, 5''-Spiro-Oxazolidino-4-Deacetoxy-Vinblastine"", 'Vinorelbine', 'Vincristine', 'Vinblastine', 'Quinupristin', 'Dactinomycin', '2-{3-[(2S)-4,4-difluoro-2-(pyrrolidin-1-ylcarbonyl)pyrrolidin-1-yl]-3-oxopropyl}-isoindole-1,3(2H)-dione', 'Beta-Dadf, Msa, Multisubstrate Adduct Inhibitor', 'Vindesine', 'Verdoheme', 'Becatecarin', 'Dihydroergocristine', 'Naldemedine', 'Pibrentasvir', 'Rifalazil']",4
Compound_19,"['Lenalidomide', 'Pomalidomide', ""N'-(Pyrrolidino[2,1-B]Isoindolin-4-On-8-Yl)-N-(Pyridin-2-Yl)Urea"", 'Apremilast', 'Thalidomide', '1-(5-OXO-2,3,5,9B-TETRAHYDRO-1H-PYRROLO[2,1-A]ISOINDOL-9-YL)-3-(5-PYRROLIDIN-2-YL-1H-PYRAZOL-3-YL)-UREA', '2-{3-[(2S)-4,4-difluoro-2-(pyrrolidin-1-ylcarbonyl)pyrrolidin-1-yl]-3-oxopropyl}-isoindole-1,3(2H)-dione', ""2-[2-(1,3-Dioxo-1,3-Dihydro-2h-Isoindol-2-Yl)Ethyl]-4-(4'-Ethoxy-1,1'-Biphenyl-4-Yl)-4-Oxobutanoic Acid"", '2-[3-({Methyl[1-(2-Naphthoyl)Piperidin-4-Yl]Amino}Carbonyl)-2-Naphthyl]-1-(1-Naphthyl)-2-Oxoethylphosphonic Acid', 'Tazemetostat', '(R)-minalrestat', '(1S)-1-(3-chlorophenyl)-2-oxo-2-[(1,3,4-trioxo-1,2,3,4-tetrahydroisoquinolin-5-yl)amino]ethyl acetate', '(1S)-2-oxo-1-phenyl-2-[(1,3,4-trioxo-1,2,3,4-tetrahydroisoquinolin-5-yl)amino]ethyl acetate', 'Dactinomycin', 'Gliquidone', '(4aS,6R,8aS)-11-[8-(1,3-Dioxo-1,3-dihydro-2H-isoindol-2-yl)octyl]-6-hydroxy-3-methoxy-5,6,9,10-tetrahydro-4aH-[1]benzofuro[3a,3,2-ef][2]benzazepin-11-ium', 'Vintafolide', 'Quinupristin', 'Vinflunine', 'Midostaurin']",4
Compound_28,"['Pomalidomide', 'Lenalidomide', 'Thalidomide', 'Apremilast', '1-(5-OXO-2,3,5,9B-TETRAHYDRO-1H-PYRROLO[2,1-A]ISOINDOL-9-YL)-3-(5-PYRROLIDIN-2-YL-1H-PYRAZOL-3-YL)-UREA', 'Vinflunine', 'Vincristine', 'Vinorelbine', 'Vintafolide', 'Vinblastine', ""3''-(Beta-Chloroethyl)-2'',4''-Dioxo-3, 5''-Spiro-Oxazolidino-4-Deacetoxy-Vinblastine"", ""N'-(Pyrrolidino[2,1-B]Isoindolin-4-On-8-Yl)-N-(Pyridin-2-Yl)Urea"", 'Vindesine', 'Verdoheme', 'Dactinomycin', 'Naldemedine', 'Becatecarin', 'Trabectedin', 'Relcovaptan', 'Gliquidone']",4
Compound_4,"['4-{2,4-Bis[(3-Nitrobenzoyl)Amino]Phenoxy}Phthalic Acid', '4-{2-[(3-Nitrobenzoyl)Amino]Phenoxy}Phthalic Acid', 'Tolvaptan', '2-chloro-5-nitro-N-phenylbenzamide', '3-FLUORO-5-MORPHOLIN-4-YL-N-[1-(2-PYRIDIN-4-YLETHYL)-1H-INDOL-6-YL]BENZAMIDE', 'Pagoclone', '3-fluoro-N-1H-indol-5-yl-5-morpholin-4-ylbenzamide', 'Cinitapride', 'Tariquidar', 'Apremilast', '6-CARBAMIMIDOYL-4-(3-HYDROXY-2-METHYL-BENZOYLAMINO)-NAPHTHALENE-2-CARBOXYLIC ACID METHYL ESTER', '5-[1-(3,4-Dimethoxy-Benzoyl)-1,2,3,4-Tetrahydro-Quinolin-6-Yl]-6-Methyl-3,6-Dihydro-[1,3,4]Thiadiazin-2-One', '3-FLUORO-5-MORPHOLIN-4-YL-N-[3-(2-PYRIDIN-4-YLETHYL)-1H-INDOL-5-YL]BENZAMIDE', ""N-[3-(2-fluoroethoxy)phenyl]-N'-(1,3,4-trioxo-1,2,3,4-tetrahydroisoquinolin-6-yl)butanediamide"", '1-(5-OXO-2,3,5,9B-TETRAHYDRO-1H-PYRROLO[2,1-A]ISOINDOL-9-YL)-3-(5-PYRROLIDIN-2-YL-1H-PYRAZOL-3-YL)-UREA', '1-(3-HYDROXYPROPYL)-2-[(3-NITROBENZOYL)AMINO]-1H-BENZIMIDAZOL-5-YL PIVALATE', 'N-[4-(2-CHLOROPHENYL)-1,3-DIOXO-1,2,3,6-TETRAHYDROPYRROLO[3,4-C]CARBAZOL-9-YL]FORMAMIDE', '(1S)-1-(3-chlorophenyl)-2-oxo-2-[(1,3,4-trioxo-1,2,3,4-tetrahydroisoquinolin-5-yl)amino]ethyl acetate', 'Tazemetostat', 'Vintafolide']",3
Compound_7,"['N-(7-CARBAMIMIDOYL-NAPHTHALEN-1-YL)-3-HYDROXY-2-METHYL-BENZAMIDE', 'Tolvaptan', ""N'-(6-aminopyridin-3-yl)-N-(2-cyclopentylethyl)-4-methyl-benzene-1,3-dicarboxamide"", '6-CARBAMIMIDOYL-4-(3-HYDROXY-2-METHYL-BENZOYLAMINO)-NAPHTHALENE-2-CARBOXYLIC ACID METHYL ESTER', '3-fluoro-N-1H-indol-5-yl-5-morpholin-4-ylbenzamide', '3-FLUORO-5-MORPHOLIN-4-YL-N-[1-(2-PYRIDIN-4-YLETHYL)-1H-INDOL-6-YL]BENZAMIDE', 'Pagoclone', '4-(2-aminoethoxy)-N-(3-chloro-5-piperidin-1-ylphenyl)-3,5-dimethylbenzamide', '5-[1-(3,4-Dimethoxy-Benzoyl)-1,2,3,4-Tetrahydro-Quinolin-6-Yl]-6-Methyl-3,6-Dihydro-[1,3,4]Thiadiazin-2-One', 'Betrixaban', 'Tariquidar', '4-(2-aminoethoxy)-N-(3-chloro-2-ethoxy-5-piperidin-1-ylphenyl)-3,5-dimethylbenzamide', '3-FLUORO-5-MORPHOLIN-4-YL-N-[3-(2-PYRIDIN-4-YLETHYL)-1H-INDOL-5-YL]BENZAMIDE', 'Sonidegib', ""N-[3-(2-fluoroethoxy)phenyl]-N'-(1,3,4-trioxo-1,2,3,4-tetrahydroisoquinolin-6-yl)butanediamide"", ""2-[2-(1,3-Dioxo-1,3-Dihydro-2h-Isoindol-2-Yl)Ethyl]-4-(4'-Ethoxy-1,1'-Biphenyl-4-Yl)-4-Oxobutanoic Acid"", ""3-{[(3-FLUORO-3'-METHOXYBIPHENYL-4-YL)AMINO]CARBONYL}THIOPHENE-2-CARBOXYLIC ACID"", 'N-(4-CARBAMIMIDOYL-3-CHORO-PHENYL)-2-HYDROXY-3-IODO-5-METHYL-BENZAMIDE', '4-(2-aminoethoxy)-N-(2,5-diethoxyphenyl)-3,5-dimethylbenzamide', ""3-({[3,5-DIFLUORO-3'-(TRIFLUOROMETHOXY)BIPHENYL-4-YL]AMINO}CARBONYL)THIOPHENE-2-CARBOXYLIC ACID""]",3
Compound_31,"['Pomalidomide', 'Tolvaptan', 'Tariquidar', 'Apremilast', '6-CARBAMIMIDOYL-4-(3-HYDROXY-2-METHYL-BENZOYLAMINO)-NAPHTHALENE-2-CARBOXYLIC ACID METHYL ESTER', '2-{[(6-OXO-1,6-DIHYDROPYRIDIN-3-YL)METHYL]AMINO}-N-[4-PROPYL-3-(TRIFLUOROMETHYL)PHENYL]BENZAMIDE', 'Betrixaban', 'Metolazone', 'Lenalidomide', '(1S)-1-(3-chlorophenyl)-2-oxo-2-[(1,3,4-trioxo-1,2,3,4-tetrahydroisoquinolin-5-yl)amino]ethyl acetate', '(1S)-2-oxo-1-phenyl-2-[(1,3,4-trioxo-1,2,3,4-tetrahydroisoquinolin-5-yl)amino]ethyl acetate', 'N-(7-CARBAMIMIDOYL-NAPHTHALEN-1-YL)-3-HYDROXY-2-METHYL-BENZAMIDE', '1-(5-OXO-2,3,5,9B-TETRAHYDRO-1H-PYRROLO[2,1-A]ISOINDOL-9-YL)-3-(5-PYRROLIDIN-2-YL-1H-PYRAZOL-3-YL)-UREA', 'Pagoclone', ""N'-(Pyrrolidino[2,1-B]Isoindolin-4-On-8-Yl)-N-(Pyridin-2-Yl)Urea"", 'N-(4-chlorophenyl)-2-[(pyridin-4-ylmethyl)amino]benzamide', '4-{2,4-Bis[(3-Nitrobenzoyl)Amino]Phenoxy}Phthalic Acid', '3-FLUORO-5-MORPHOLIN-4-YL-N-[1-(2-PYRIDIN-4-YLETHYL)-1H-INDOL-6-YL]BENZAMIDE', '4-{2-[(3-Nitrobenzoyl)Amino]Phenoxy}Phthalic Acid', ""5-(4-METHYL-BENZOYLAMINO)-BIPHENYL-3,4'-DICARBOXYLIC ACID 3-DIMETHYLAMIDE-4'-HYDROXYAMIDE""]",1
Compound_53,"['Tolvaptan', 'Pomalidomide', 'Apremilast', '3-fluoro-N-1H-indol-5-yl-5-morpholin-4-ylbenzamide', '3-FLUORO-5-MORPHOLIN-4-YL-N-[1-(2-PYRIDIN-4-YLETHYL)-1H-INDOL-6-YL]BENZAMIDE', 'Metolazone', 'Tariquidar', '3-FLUORO-5-MORPHOLIN-4-YL-N-[3-(2-PYRIDIN-4-YLETHYL)-1H-INDOL-5-YL]BENZAMIDE', '2-{[(6-OXO-1,6-DIHYDROPYRIDIN-3-YL)METHYL]AMINO}-N-[4-PROPYL-3-(TRIFLUOROMETHYL)PHENYL]BENZAMIDE', '(1S)-1-(3-chlorophenyl)-2-oxo-2-[(1,3,4-trioxo-1,2,3,4-tetrahydroisoquinolin-5-yl)amino]ethyl acetate', '(1S)-2-oxo-1-phenyl-2-[(1,3,4-trioxo-1,2,3,4-tetrahydroisoquinolin-5-yl)amino]ethyl acetate', '1-(5-OXO-2,3,5,9B-TETRAHYDRO-1H-PYRROLO[2,1-A]ISOINDOL-9-YL)-3-(5-PYRROLIDIN-2-YL-1H-PYRAZOL-3-YL)-UREA', 'Pagoclone', ""N'-(Pyrrolidino[2,1-B]Isoindolin-4-On-8-Yl)-N-(Pyridin-2-Yl)Urea"", '6-CARBAMIMIDOYL-4-(3-HYDROXY-2-METHYL-BENZOYLAMINO)-NAPHTHALENE-2-CARBOXYLIC ACID METHYL ESTER', 'Betrixaban', 'Entrectinib', 'Tazemetostat', 'Lenalidomide', 'N-(4-chlorophenyl)-2-[(pyridin-4-ylmethyl)amino]benzamide']",1
Novel1,"['Pomalidomide', 'Lenalidomide', 'Thalidomide', 'Dactinomycin', 'Vintafolide', ""3''-(Beta-Chloroethyl)-2'',4''-Dioxo-3, 5''-Spiro-Oxazolidino-4-Deacetoxy-Vinblastine"", 'Vinflunine', 'Becatecarin', 'Vinorelbine', 'Vincristine', 'Vinblastine', 'Oritavancin', 'Bromocriptine', 'Vindesine', 'Verdoheme', 'Ergotamine', 'Dihydroergocristine', 'Quinupristin', 'Beta-Dadf, Msa, Multisubstrate Adduct Inhibitor', 'Micafungin']",5
Novel2,"['Vintafolide', 'Vinflunine', ""3''-(Beta-Chloroethyl)-2'',4''-Dioxo-3, 5''-Spiro-Oxazolidino-4-Deacetoxy-Vinblastine"", 'Vinorelbine', 'Vincristine', 'Vinblastine', 'Vindesine', 'Oritavancin', 'Verdoheme', 'Dactinomycin', 'Beta-Dadf, Msa, Multisubstrate Adduct Inhibitor', 'Rifalazil', 'Naldemedine', 'Trabectedin', 'Relcovaptan', 'Dihydroergocristine', 'Rifabutin', 'Bromocriptine', 'Pomalidomide', 'Ergotamine']",5
Novel3,"['Vinorelbine', 'Vinflunine', 'Vincristine', 'Vinblastine', 'Paclitaxel docosahexaenoic acid', 'Paclitaxel', 'Vintafolide', 'Vindesine', ""3''-(Beta-Chloroethyl)-2'',4''-Dioxo-3, 5''-Spiro-Oxazolidino-4-Deacetoxy-Vinblastine"", 'Rifalazil', 'Rifabutin', 'Docetaxel', 'LFA703', 'Naldemedine', 'Trabectedin', 'Dactinomycin', 'Cabazitaxel', 'Verdoheme', 'Dihydroergocristine', 'Milataxel']",5
Novel4,"['Thalidomide', 'Pomalidomide', 'Lenalidomide', '2-{3-[(2S)-4,4-difluoro-2-(pyrrolidin-1-ylcarbonyl)pyrrolidin-1-yl]-3-oxopropyl}-isoindole-1,3(2H)-dione', 'Dexloxiglumide', '1-GUANIDINO-4-(N-NITRO-BENZOYLAMINO-L-LEUCYL-L-PROLYLAMINO)BUTANE', 'Mdl 101,146', 'N-{4-[(Carboxymethyl)carbamoyl]benzoyl}-L-valyl-N-[(3S)-1,1,1-trifluoro-4-methyl-2-oxo-3-pentanyl]-L-prolinamide', 'Icatibant', ""2-[2-(1,3-Dioxo-1,3-Dihydro-2h-Isoindol-2-Yl)Ethyl]-4-(4'-Ethoxy-1,1'-Biphenyl-4-Yl)-4-Oxobutanoic Acid"", 'Virginiamycin S1', '(S)-2-((S)-3-isobutyl-2,5-dioxo-4-quinolin-3-ylmethyl-[1,4]diazepan-1yl)-N-methyl-3-naphtalen-2-yl-propionamide', 'Pasireotide', 'Micafungin', 'RU90395', 'Quinapril', 'Quinupristin', 'N-METHYLALANYL-3-METHYLVALYL-4-PHENOXY-N-(1,2,3,4-TETRAHYDRONAPHTHALEN-1-YL)PROLINAMIDE', 'Danoprevir', '1-[3,3-Dimethyl-2-(2-Methylamino-Propionylamino)-Butyryl]-Pyrrolidine-2-Carboxylic Acid(1,2,3,4-Tetrahydro-Naphthalen-1-Yl)-Amide']",6
Novel5,"['Tolvaptan', ""N-[3-(2-fluoroethoxy)phenyl]-N'-(1,3,4-trioxo-1,2,3,4-tetrahydroisoquinolin-6-yl)butanediamide"", 'Pagoclone', '(4aS,6R,8aS)-11-[8-(1,3-Dioxo-1,3-dihydro-2H-isoindol-2-yl)octyl]-6-hydroxy-3-methoxy-5,6,9,10-tetrahydro-4aH-[1]benzofuro[3a,3,2-ef][2]benzazepin-11-ium', 'Tariquidar', 'Vintafolide', ""3''-(Beta-Chloroethyl)-2'',4''-Dioxo-3, 5''-Spiro-Oxazolidino-4-Deacetoxy-Vinblastine"", '5-[1-(3,4-Dimethoxy-Benzoyl)-1,2,3,4-Tetrahydro-Quinolin-6-Yl]-6-Methyl-3,6-Dihydro-[1,3,4]Thiadiazin-2-One', 'Naldemedine', 'Eravacycline', 'Vinflunine', 'Vincristine', 'Apremilast', 'Rifalazil', 'Vinorelbine', 'HM-30181', 'Efonidipine', 'Beta-Dadf, Msa, Multisubstrate Adduct Inhibitor', 'Vinblastine', 'Verdoheme']",6
