Drug,Top_K_Threshold,N_Proteins,Proteins
Venetoclax,200,200,BCL2; CS; C3; PC; AR; TG; CES1; CES2; SI; HP; ARSA; F2; C2; C5; TYR; ALB; SULT1B1; SULT1C3; ADH4; C6; F3; TF; CDA; GK; MB; NAT1; PLA2G4C; TUBB; TUBB4B; UBB; TUB; PIP; CR2; CWC15; TUBB1; STAT3; GAL; FLVCR1; ALK; AKT1; NNMT; SLC2A1; GAPDH; C7; F8; PLA2G4A; TUBB4A; CR1; F5; C9; MAPK3; HIF1A; PON1; TUBB6; AKR1C2; SLC7A11; EGF; RNF6; SP1; CYP2A13; ALDH16A1; PTPN7; ACHE; NES; MIOX; SLC6A4; SLC25A31; RS1; CLC; TNF; TAT; EPO; TYMS; CASP3; LGALS1; PNP; ATG4D; APEX1; SIRT1; AKR1C1; NOS2; ING1; FBP1; ALOX15; ZNF3; PGD; ALDOB; TUBB2B; JUN; KRAS; TUBB3; TWIST1; KL; HSPB1; CYP2E1; CYP4V2; F10; CYP2A7; MRPL2; CASP6; BCL2A1; MR1; GC; CP; EPHX1; U2AF1; CYP2W1; ATG4B; CAVIN1; POR; SLC22A2; TMPRSS2; ZRSR2; CASP8; ITGB1; NLGN3; GUSB; RP1; RRAS; AIP; PTX3; DRC1; SERPINB1; CASP5; PPP2R1B; AKT3; ALOX12B; LPL; BNIP1; VRK2; GLI1; TH; BID; FAH; CDC42; KRT12; LTB; PLSCR1; F11; RHO; PGR; TAP1; SOX2; STUB1; GBA; ADAM10; KRT1; KRT19; CASP4; RDX; MAPK1; ALPL; ERN1; PPP2CB; SERPINA1; TUBB2A; OTC; NF1; ALOX12; DNTT; GRK4; NAT2; CDH1; TRADD; TTR; JUND; SKI; CYP2B6; PIN1; HTR2C; SLC5A8; NUDT1; CDR2L; TSPO; BAAT; LPA; LBP; ALOX15B; GLTP; MRPL3; SULT1A2; CDR2; MET; CCDC9; RPL3; HAP1; MAP2; PPP2CA; CD4; CA4; CCNL2; SP3; IRS1; RAB1B; MPO; TFEB; SF1; HR; HRAS; RHEB
Navitoclax,200,200,C3; AKT3; AKT2; PC; BCL2A1; BCL2; TG; AKT1; HP; CP; GCK; MAPK3; C7; AR; PRKACA; C2; MAPK1; CS; C6; PPP1CA; ATG4D; F2; MB; PRKACB; C9; PCYT1A; MTOR; ATG4B; DCD; PPP2R1B; MAP3K5; HSPA8; CDA; C5; PTPN7; PPP2CB; VRK2; CASP3; F3; SP1; CASP1; ING1; PPP2CA; PIP; CWC15; CASP4; MAGED1; ADAM10; GK; RS1; SERPINB2; SLC25A31; TH; EIF4G1; SI; LGALS7B; GAL; LGALS7; CD22; TF; PIN1; F7; MAP3K1; ARF1; SERPINB1; CTSO; CR1; CR2; CDK1; BAD; F5; NFKBIA; CDKN3; RPS18; SH3BP5; SH3BP5L; ARL1; PNMT; BID; HR; DCT; DCTN5; CCDC17; NF2; MN1; CDK5; HRAS; CDK2; MBP; RRAS; LATS1; HMGB1; LGALS1; CCNL2; DUSP1; RHAG; CDKN1B; IL2; HAP1; DNAJC1; KRT3; ATM; REL; SMN1; CCNB1; COX4I1; CD4; PGR; TUBB; UBB; TUB; ALK; HAX1; NOTCH2; CCDC8; CCDC83; MKI67; PKMYT1; TXN; PDCL3; FGF2; SKI; TFEB; FOS; PDCL; KL; IL3; PDC; CTSB; EIF2AK2; APEX1; TGFBR2; ALB; STK11; CD44; IKBKG; TUBB4A; EGF; CCR7; SELE; FAH; FN1; PRKACG; MET; ACHE; SGK1; STAT1; HGF; KRT7; PRKCB; PRKCD; SPDYE6; EBP; FAP; CCNE1; KRT36; NRAS; EN2; IPP; BCL2L1; PAWR; EAF1; FOSL2; CRYZ; RB1; APC; LMNB1; CEBPA; HIF1A; TPPP3; TPPP; H3C12; CALML5; IFT74; PPP3R1; APP; H3C13; RNF2; CALML6; ZNF3; PRPF38B; PRPF3; ITGB1; CAVIN1; IFNA1; IRS1; RABL3; FGF7; EIF4E; RAC1; EIF2S1; NOS3; CD2; TSPO; C1orf21; F9; RP2; FH; TAP2; CCDC59
Intersection (Venetoclax & Navitoclax),200,77,ACHE; ADAM10; AKT1; AKT3; ALB; ALK; APEX1; AR; ATG4B; ATG4D; BCL2; BCL2A1; BID; C2; C3; C5; C6; C7; C9; CASP3; CASP4; CAVIN1; CCNL2; CD4; CDA; CP; CR1; CR2; CS; CWC15; EGF; F2; F3; F5; FAH; GAL; GK; HAP1; HIF1A; HP; HR; HRAS; ING1; IRS1; ITGB1; KL; LGALS1; MAPK1; MAPK3; MB; MET; PC; PGR; PIN1; PIP; PPP2CA; PPP2CB; PPP2R1B; PTPN7; RRAS; RS1; SERPINB1; SI; SKI; SLC25A31; SP1; TF; TFEB; TG; TH; TSPO; TUB; TUBB; TUBB4A; UBB; VRK2; ZNF3
Venetoclax,500,500,BCL2; CS; C3; PC; AR; TG; CES1; CES2; SI; HP; ARSA; F2; C2; C5; TYR; ALB; SULT1B1; SULT1C3; ADH4; C6; F3; TF; CDA; GK; MB; NAT1; PLA2G4C; TUBB; TUBB4B; UBB; TUB; PIP; CR2; CWC15; TUBB1; STAT3; GAL; FLVCR1; ALK; AKT1; NNMT; SLC2A1; GAPDH; C7; F8; PLA2G4A; TUBB4A; CR1; F5; C9; MAPK3; HIF1A; PON1; TUBB6; AKR1C2; SLC7A11; EGF; RNF6; SP1; CYP2A13; ALDH16A1; PTPN7; ACHE; NES; MIOX; SLC6A4; SLC25A31; RS1; CLC; TNF; TAT; EPO; TYMS; CASP3; LGALS1; PNP; ATG4D; APEX1; SIRT1; AKR1C1; NOS2; ING1; FBP1; ALOX15; ZNF3; PGD; ALDOB; TUBB2B; JUN; KRAS; TUBB3; TWIST1; KL; HSPB1; CYP2E1; CYP4V2; F10; CYP2A7; MRPL2; CASP6; BCL2A1; MR1; GC; CP; EPHX1; U2AF1; CYP2W1; ATG4B; CAVIN1; POR; SLC22A2; TMPRSS2; ZRSR2; CASP8; ITGB1; NLGN3; GUSB; RP1; RRAS; AIP; PTX3; DRC1; SERPINB1; CASP5; PPP2R1B; AKT3; ALOX12B; LPL; BNIP1; VRK2; GLI1; TH; BID; FAH; CDC42; KRT12; LTB; PLSCR1; F11; RHO; PGR; TAP1; SOX2; STUB1; GBA; ADAM10; KRT1; KRT19; CASP4; RDX; MAPK1; ALPL; ERN1; PPP2CB; SERPINA1; TUBB2A; OTC; NF1; ALOX12; DNTT; GRK4; NAT2; CDH1; TRADD; TTR; JUND; SKI; CYP2B6; PIN1; HTR2C; SLC5A8; NUDT1; CDR2L; TSPO; BAAT; LPA; LBP; ALOX15B; GLTP; MRPL3; SULT1A2; CDR2; MET; CCDC9; RPL3; HAP1; MAP2; PPP2CA; CD4; CA4; CCNL2; SP3; IRS1; RAB1B; MPO; TFEB; SF1; HR; HRAS; RHEB; PPP1CA; AK3; ATP5F1B; GCK; ERO1A; DCT; TXNDC12; MAP3K1; TXN; DCTN2; EBP; PEF1; BAK1; IPP; ARL1; FABP1; DCTN5; SULT1A1; IL3; RP2; TPM3; TTL; DPYS; DPYSL2; PURB; GGT1; NFKBIA; HMGB1; GPT; ANG; HAX1; NOTCH2; PRKACA; SELE; IFT74; KRT7; HMOX1; TGFBR2; SPDYE2; SMN1; TGFBR1; BCHE; CDK2; PLA2G2F; AK1; MKI67; CEBPA; SLC47A2; RBM3; CCDC59; CCDC8; CTSK; CD2; CDKN1B; CTSB; CSF3; PDC; THY1; KDSR; TPM2; SLC22A13; BCAS2; CTSO; GATD3B; CTSC; IK; CLEC11A; TAP2; F7; SMTN; F9; SLC22A1; HES1; PDCL; SMTNL1; SP8; SLC15A2; PRPF3; PRPF38B; PDZK1; USP1; SIRT3; CCR7; DUSP1; MAPK7; SMAD2; ATN1; MATN1; FGF7; HPR; ERBB3; APP; BATF; TP73; STAR; DCC; DNAJB1; GGT5; MMP7; SYCE1; ATM; REL; PARP1; ATF3; INA; UACA; IDO1; SPDYE5; JAK3; STAT5A; SGK1; HSPA8; NOS1; STAT1; TFAP2A; TP53; GSK3A; EIF2AK2; DCD; AIFM1; H3C12; CA3; GDNF; DSP; FGF4; IL1A; TACC3; TRO; HDC; KRT2; DEUP1; CPO; PLIN2; CD27; NEDD8; KRT3; CCDC174; SP7; NFE2L2; CD7; VHL; DNAJC1; CDC6; SNAI2; CCDC17; TK2; LIM2; MAF; CCDC6; KRT15; MTOR; ME2; RIC1; MAP2K1; DDIT4; RB1; APOB; LOX; TNNI3; AGT; MTR; TRAF3; CDK5; PRDX6; CRYAB; PKM; FGFR1; PTPN1; NOS3; PRL; PTP4A2; LDHA; SPDYE1; CALML5; ARC; CALML6; ZAP70; MSN; ANXA1; FOXO4; RET; ANK1; CCNB1; CANX; NDUFS5; KLB; BMPR2; NPM1; SULT1C4; SULT1C2; CYP2C8; TPMT; COL19A1; IL5; BAD; LSS; MBP; PML; ANK2; C8A; EIF2S1; HTT; RAG1; PTGES; RGL1; ASRGL1; IMPA2; TLR3; RAD51; LCK; ERG; ANK3; DBR1; PAFAH2; TUBAL3; ENPP7; TPPP3; BCL2L1; ENG; MYCN; KRT25; COX4I1; UBC; SH3BP5L; ID3; ANKRD2; IKBKG; CCNE1; RPS2; CDCA8; ALDH1A2; SH3BP5; SLC22A3; BAG1; PLG; TTC3; SPATA1; RAB5C; NME2; CAD; MYC; CCL2; C6orf15; FGF9; PAFAH1B2; CSGALNACT1; TAF2; RSPH3; PRDM1; CADM1; CEBPD; ADM; FAP; CEBPB; PF4; VMAC; CCDC113; HDAC1; FAM184B; CCK; TPPP; HDAC4; ABCF2; SST; H2BC12; H2BS1; RAB2A; H2BC14; H2BU1; BCO1; HSD11B2; ALDH2; WBP4; FBP2; H2BC1; PLA2G7; BLOC1S1; C1S; NCL; UBE2I; HNRNPD; CROCC; DDX5; TTPA; LHB; FGFR4; CDKN1C; USF2; UROD; HPGD; SLC5A2; PPP1R2; SULT1A3; RPL19; TBP; PAH; LGALS7B; LGALS7; SLC5A1; TRAF6
Navitoclax,500,500,C3; AKT3; AKT2; PC; BCL2A1; BCL2; TG; AKT1; HP; CP; GCK; MAPK3; C7; AR; PRKACA; C2; MAPK1; CS; C6; PPP1CA; ATG4D; F2; MB; PRKACB; C9; PCYT1A; MTOR; ATG4B; DCD; PPP2R1B; MAP3K5; HSPA8; CDA; C5; PTPN7; PPP2CB; VRK2; CASP3; F3; SP1; CASP1; ING1; PPP2CA; PIP; CWC15; CASP4; MAGED1; ADAM10; GK; RS1; SERPINB2; SLC25A31; TH; EIF4G1; SI; LGALS7B; GAL; LGALS7; CD22; TF; PIN1; F7; MAP3K1; ARF1; SERPINB1; CTSO; CR1; CR2; CDK1; BAD; F5; NFKBIA; CDKN3; RPS18; SH3BP5; SH3BP5L; ARL1; PNMT; BID; HR; DCT; DCTN5; CCDC17; NF2; MN1; CDK5; HRAS; CDK2; MBP; RRAS; LATS1; HMGB1; LGALS1; CCNL2; DUSP1; RHAG; CDKN1B; IL2; HAP1; DNAJC1; KRT3; ATM; REL; SMN1; CCNB1; COX4I1; CD4; PGR; TUBB; UBB; TUB; ALK; HAX1; NOTCH2; CCDC8; CCDC83; MKI67; PKMYT1; TXN; PDCL3; FGF2; SKI; TFEB; FOS; PDCL; KL; IL3; PDC; CTSB; EIF2AK2; APEX1; TGFBR2; ALB; STK11; CD44; IKBKG; TUBB4A; EGF; CCR7; SELE; FAH; FN1; PRKACG; MET; ACHE; SGK1; STAT1; HGF; KRT7; PRKCB; PRKCD; SPDYE6; EBP; FAP; CCNE1; KRT36; NRAS; EN2; IPP; BCL2L1; PAWR; EAF1; FOSL2; CRYZ; RB1; APC; LMNB1; CEBPA; HIF1A; TPPP3; TPPP; H3C12; CALML5; IFT74; PPP3R1; APP; H3C13; RNF2; CALML6; ZNF3; PRPF38B; PRPF3; ITGB1; CAVIN1; IFNA1; IRS1; RABL3; FGF7; EIF4E; RAC1; EIF2S1; NOS3; CD2; TSPO; C1orf21; F9; RP2; FH; TAP2; CCDC59; PERP; C1orf131; TNF; STMN1; PPP1CB; NRK; KRT2; NPHP1; PPP2R5D; CD27; PLG; NLGN3; SLC2A1; CRYAB; ANK1; FGFR1; ARC; TUBB8; H3-2; GAPDH; PKM; GC; RET; FGF3; APOB; H3-5; RNF6; NAT1; MAX; NES; CDC42; SYCE1; PF4; C22orf23; HDAC4; CCDC122; CCDC12; ANK2; IL22; RAG1; PABPC1; CA12; ZC4H2; CA1; PLK1; TP73; TUBB2A; PTEN; ANK3; GDNF; LMNA; KRT20; AGT; LOX; CAT; TBP; HNRNPD; GSK3A; CRP; RAD51; BNIP1; TEX2; NFE2L2; ATF3; CD5; RP1; ATP6V1E1; JUN; GPT; AK2; ZNF2; F11; SYCP3; DFFB; PPP1R3A; ING4; ATG13; SP5; LHB; HDC; TYR; CASP5; CAD; ZFAND3; ZNF28; CEBPD; ALS2; SRC; CA4; C6orf15; IK; ANKRD2; FOXO3; RPL3; CCR5; BCL2L15; TUBB2B; CFAP99; CCL2; TYMS; DNMT1; PRKG2; PTPA; TP63; CLC; TUBB1; NFATC2; NFATC4; RPL19; APOE; NF1; CCDC13; CASP14; VASP; PRKCZ; GATD3A; MAP2K7; ACYP1; SIRT1; NRBF2; UBC; SKA3; BAG1; PPP4C; BAG5; RPS27A; CRK; NIP7; CBL; MAP2K3; RCAN3; CREB3L2; PRKCQ; STX17; UBA52; GIP; MARCHF5; CCDC9; LPL; CREB5; CREB3; CANX; DNAJB1; JUND; INA; CCDC85A; CALR; MAP2K6; MAP7D2; MAP7; PIM1; F10; CRKL; HIF1AN; RAP1A; GLI1; ANG; UBE2N; STK3; KRT1; SESN2; IL18; C1S; HDGFL1; PIR; ZNF7; DRG1; LIM2; SRM; KRT19; IL6; VBP1; MRPL47; MRPL4; HSPB8; BRMS1; TMEM200A; RPL4; ZNF77; TCAP; HSPB1; WWP1; UBFD1; CDC6; MYZAP; TFAM; LDB1; XCR1; TMED2; CAVIN2; ESR1; HDGF; IST1; PEF1; DDIT4; KRT71; XBP1; RHO; RHOG; SSX2; PYCARD; ERICH2; NFATC2IP; KIF5C; MRPL1; CCDC6; CAP1; SHB; SNAI2; PAX6; FKBP5; PGAM1; NCF1; FGF5; SNAP25; MAPKAPK2; NMT1; DDX5; PHLDA3; RRS1; PTPN1; FKBP4; CCDC15; FGF1; ZNF419; ZNF41; AMOT; DEPTOR; FRS3; MAF; RILP; FOSB; FKBP1B; DSP; RACK1; TWIST1; PURB; PLEK; LRRC3; AIFM1; HPR; PPP1R2; POU5F1; CSK; MYC; CLP1; LSR; TXLNG; PRKAB2; RIN1; BLNK; PRKCI; NSL1; GFAP; CCDC96; WWOX; CDC16; UBE2V1; SRR; RBL1; DUSP5; AXIN1; PRDM1; TCHP; YY1; FGF4; LATS2; SP3; RALB; ARHGAP1; TNIP2; AIF1; GOLPH3; TBC1D1; LY96; MCL1; VHL; SMAD2; CFLAR; CASP8; SP2; PSMA7; NFKBIB; CEP63; KCNMB4; EGR1; PARK7; ANGPT1; HOOK2; NSA2; FBP1; ABCB1; CACNG4; TLR3; IL4; YOD1; NCL; CLIC1; DNAJB11; RCC2
Intersection (Venetoclax & Navitoclax),500,251,ACHE; ADAM10; AGT; AIFM1; AKT1; AKT3; ALB; ALK; ANG; ANK1; ANK2; ANK3; ANKRD2; APEX1; APOB; APP; AR; ARC; ARL1; ATF3; ATG4B; ATG4D; ATM; BAD; BAG1; BCL2; BCL2A1; BCL2L1; BID; BNIP1; C1S; C2; C3; C5; C6; C6orf15; C7; C9; CA4; CAD; CALML5; CALML6; CANX; CASP3; CASP4; CASP5; CASP8; CAVIN1; CCDC17; CCDC59; CCDC6; CCDC8; CCDC9; CCL2; CCNB1; CCNE1; CCNL2; CCR7; CD2; CD27; CD4; CDA; CDC42; CDC6; CDK2; CDK5; CDKN1B; CEBPA; CEBPD; CLC; COX4I1; CP; CR1; CR2; CRYAB; CS; CTSB; CTSO; CWC15; DCD; DCT; DCTN5; DDIT4; DDX5; DNAJB1; DNAJC1; DSP; DUSP1; EBP; EGF; EIF2AK2; EIF2S1; F10; F11; F2; F3; F5; F7; F9; FAH; FAP; FBP1; FGF4; FGF7; FGFR1; GAL; GAPDH; GC; GCK; GDNF; GK; GLI1; GPT; GSK3A; H3C12; HAP1; HAX1; HDAC4; HDC; HIF1A; HMGB1; HNRNPD; HP; HPR; HR; HRAS; HSPA8; HSPB1; IFT74; IK; IKBKG; IL3; INA; ING1; IPP; IRS1; ITGB1; JUN; JUND; KL; KRT1; KRT19; KRT2; KRT3; KRT7; LGALS1; LGALS7; LGALS7B; LHB; LIM2; LOX; LPL; MAF; MAP3K1; MAPK1; MAPK3; MB; MBP; MET; MKI67; MTOR; MYC; NAT1; NCL; NES; NF1; NFE2L2; NFKBIA; NLGN3; NOS3; NOTCH2; PC; PDC; PDCL; PEF1; PF4; PGR; PIN1; PIP; PKM; PLG; PPP1CA; PPP1R2; PPP2CA; PPP2CB; PPP2R1B; PRDM1; PRKACA; PRPF3; PRPF38B; PTPN1; PTPN7; PURB; RAD51; RAG1; RB1; REL; RET; RHO; RNF6; RP1; RP2; RPL19; RPL3; RRAS; RS1; SELE; SERPINB1; SGK1; SH3BP5; SH3BP5L; SI; SIRT1; SKI; SLC25A31; SLC2A1; SMAD2; SMN1; SNAI2; SP1; SP3; STAT1; SYCE1; TAP2; TBP; TF; TFEB; TG; TGFBR2; TH; TLR3; TNF; TP73; TPPP; TPPP3; TSPO; TUB; TUBB; TUBB1; TUBB2A; TUBB2B; TUBB4A; TWIST1; TXN; TYMS; TYR; UBB; UBC; VHL; VRK2; ZNF3
Venetoclax,1000,1000,BCL2; CS; C3; PC; AR; TG; CES1; CES2; SI; HP; ARSA; F2; C2; C5; TYR; ALB; SULT1B1; SULT1C3; ADH4; C6; F3; TF; CDA; GK; MB; NAT1; PLA2G4C; TUBB; TUBB4B; UBB; TUB; PIP; CR2; CWC15; TUBB1; STAT3; GAL; FLVCR1; ALK; AKT1; NNMT; SLC2A1; GAPDH; C7; F8; PLA2G4A; TUBB4A; CR1; F5; C9; MAPK3; HIF1A; PON1; TUBB6; AKR1C2; SLC7A11; EGF; RNF6; SP1; CYP2A13; ALDH16A1; PTPN7; ACHE; NES; MIOX; SLC6A4; SLC25A31; RS1; CLC; TNF; TAT; EPO; TYMS; CASP3; LGALS1; PNP; ATG4D; APEX1; SIRT1; AKR1C1; NOS2; ING1; FBP1; ALOX15; ZNF3; PGD; ALDOB; TUBB2B; JUN; KRAS; TUBB3; TWIST1; KL; HSPB1; CYP2E1; CYP4V2; F10; CYP2A7; MRPL2; CASP6; BCL2A1; MR1; GC; CP; EPHX1; U2AF1; CYP2W1; ATG4B; CAVIN1; POR; SLC22A2; TMPRSS2; ZRSR2; CASP8; ITGB1; NLGN3; GUSB; RP1; RRAS; AIP; PTX3; DRC1; SERPINB1; CASP5; PPP2R1B; AKT3; ALOX12B; LPL; BNIP1; VRK2; GLI1; TH; BID; FAH; CDC42; KRT12; LTB; PLSCR1; F11; RHO; PGR; TAP1; SOX2; STUB1; GBA; ADAM10; KRT1; KRT19; CASP4; RDX; MAPK1; ALPL; ERN1; PPP2CB; SERPINA1; TUBB2A; OTC; NF1; ALOX12; DNTT; GRK4; NAT2; CDH1; TRADD; TTR; JUND; SKI; CYP2B6; PIN1; HTR2C; SLC5A8; NUDT1; CDR2L; TSPO; BAAT; LPA; LBP; ALOX15B; GLTP; MRPL3; SULT1A2; CDR2; MET; CCDC9; RPL3; HAP1; MAP2; PPP2CA; CD4; CA4; CCNL2; SP3; IRS1; RAB1B; MPO; TFEB; SF1; HR; HRAS; RHEB; PPP1CA; AK3; ATP5F1B; GCK; ERO1A; DCT; TXNDC12; MAP3K1; TXN; DCTN2; EBP; PEF1; BAK1; IPP; ARL1; FABP1; DCTN5; SULT1A1; IL3; RP2; TPM3; TTL; DPYS; DPYSL2; PURB; GGT1; NFKBIA; HMGB1; GPT; ANG; HAX1; NOTCH2; PRKACA; SELE; IFT74; KRT7; HMOX1; TGFBR2; SPDYE2; SMN1; TGFBR1; BCHE; CDK2; PLA2G2F; AK1; MKI67; CEBPA; SLC47A2; RBM3; CCDC59; CCDC8; CTSK; CD2; CDKN1B; CTSB; CSF3; PDC; THY1; KDSR; TPM2; SLC22A13; BCAS2; CTSO; GATD3B; CTSC; IK; CLEC11A; TAP2; F7; SMTN; F9; SLC22A1; HES1; PDCL; SMTNL1; SP8; SLC15A2; PRPF3; PRPF38B; PDZK1; USP1; SIRT3; CCR7; DUSP1; MAPK7; SMAD2; ATN1; MATN1; FGF7; HPR; ERBB3; APP; BATF; TP73; STAR; DCC; DNAJB1; GGT5; MMP7; SYCE1; ATM; REL; PARP1; ATF3; INA; UACA; IDO1; SPDYE5; JAK3; STAT5A; SGK1; HSPA8; NOS1; STAT1; TFAP2A; TP53; GSK3A; EIF2AK2; DCD; AIFM1; H3C12; CA3; GDNF; DSP; FGF4; IL1A; TACC3; TRO; HDC; KRT2; DEUP1; CPO; PLIN2; CD27; NEDD8; KRT3; CCDC174; SP7; NFE2L2; CD7; VHL; DNAJC1; CDC6; SNAI2; CCDC17; TK2; LIM2; MAF; CCDC6; KRT15; MTOR; ME2; RIC1; MAP2K1; DDIT4; RB1; APOB; LOX; TNNI3; AGT; MTR; TRAF3; CDK5; PRDX6; CRYAB; PKM; FGFR1; PTPN1; NOS3; PRL; PTP4A2; LDHA; SPDYE1; CALML5; ARC; CALML6; ZAP70; MSN; ANXA1; FOXO4; RET; ANK1; CCNB1; CANX; NDUFS5; KLB; BMPR2; NPM1; SULT1C4; SULT1C2; CYP2C8; TPMT; COL19A1; IL5; BAD; LSS; MBP; PML; ANK2; C8A; EIF2S1; HTT; RAG1; PTGES; RGL1; ASRGL1; IMPA2; TLR3; RAD51; LCK; ERG; ANK3; DBR1; PAFAH2; TUBAL3; ENPP7; TPPP3; BCL2L1; ENG; MYCN; KRT25; COX4I1; UBC; SH3BP5L; ID3; ANKRD2; IKBKG; CCNE1; RPS2; CDCA8; ALDH1A2; SH3BP5; SLC22A3; BAG1; PLG; TTC3; SPATA1; RAB5C; NME2; CAD; MYC; CCL2; C6orf15; FGF9; PAFAH1B2; CSGALNACT1; TAF2; RSPH3; PRDM1; CADM1; CEBPD; ADM; FAP; CEBPB; PF4; VMAC; CCDC113; HDAC1; FAM184B; CCK; TPPP; HDAC4; ABCF2; SST; H2BC12; H2BS1; RAB2A; H2BC14; H2BU1; BCO1; HSD11B2; ALDH2; WBP4; FBP2; H2BC1; PLA2G7; BLOC1S1; C1S; NCL; UBE2I; HNRNPD; CROCC; DDX5; TTPA; LHB; FGFR4; CDKN1C; USF2; UROD; HPGD; SLC5A2; PPP1R2; SULT1A3; RPL19; TBP; PAH; LGALS7B; LGALS7; SLC5A1; TRAF6; CHDH; PGP; GPI; PGPEP1; POU5F1; SLC5A6; ARHGAP1; PLD1; PNPLA4; SLC2A12; ENOSF1; AKR7A3; LTB4R2; PLD2; SLCO2B1; NBPF1; NOX1; TUFT1; RPS18; EPB41; LIPA; CCDC83; PGAM1; GGH; RIBC2; GIP; HMGCS1; SERPINC1; AKR1A1; PTGES3; SULT6B1; UCHL1; CHL1; ADK; ALDH1B1; DCK; AVP; CALU; RGN; PDCL3; MED1; SRR; IFT57; RBL1; ESRRB; P4HB; ATR; CBS; SIVA1; SLC20A1; SYCE1L; BECN1; CBR3; HSF4; IL15; FAM189A2; DHRS4; MRPL15; LZTS3; CABP4; BECN2; BIN3; SLC2A5; BATF3; RHOA; SNRPB; FAM81B; LSM12; PPP1R8; PERP; NHP2; CYBA; TTC1; PAWR; RNF2; AMOT; C1orf131; MYO1B; SP9; ALYREF; TPR; LSM1; SERPINB2; APIP; SSX2; CKAP4; ITM2B; APOL6; MED7; IST1; MRPL1; BSG; KRT5; ZCCHC9; ATP6V1E1; ANGPT1; CTSZ; AICDA; CKS2; BPI; FOS; TNFSF11; CCDC13; CHM; IL2; RPL15; NF2; CAVIN2; CBX3; CYP2S1; RILP; SLC18B1; KLK3; SLC23A3; FDX1; RBBP9; FDX2; KIAA0753; HPX; CEL; APOE; KRT8; SPI1; TUBB8; TUBB8B; RPS27A; AXL; SLC16A4; SPDYE6; SMARCA4; YTHDF2; PLK1; ABCF1; APOA4; RBP2; SERPIND1; UQCRHL; CRH; UQCRH; FKBP5; CAT; LIF; SLC2A6; CBL; SLC18A2; NPEPPS; KRT14; CA1; NR5A2; UBA3; TUBA3E; GCKR; SOD3; APCS; PPP3R1; CD22; BHMT; PDIA4; TEK; RBBP8NL; RBBP8; SDHA; RASD1; CBR1; CHST6; DDC; UPP2; PRKCZ; G6PD; CYB5B; ALDH18A1; CRABP1; SLC36A1; CAVIN4; FOLR2; TK1; CLU; AMY2B; ARG1; CCL21; NCF1; SDF2; ZNF93; ADORA2A; GNAS; CLDN1; CASP1; SLC20A2; CCDC170; CD47; SLC12A1; CTSE; PHB; DDX4; FGF1; GLUL; LEKR1; CTH; EMILIN3; CYP2J2; ATP1B3; MME; FOLR3; NRAS; RRS1; FOSB; H2BC4; NSL1; SPN; BLOC1S4; OPLAH; SP4; DUSP4; RCOR3; CD1D; GNAI3; DAD1; SPATA2; H2AX; RABEP1; IFT20; HSPB7; SPATA24; SLC11A2; SPATA16; ZNF7; COTL1; LMNA; MED9; MITF; MUC2; BHLHE23; STX3; FGFR1OP; HFE; MYH7; CA9; ZNF66; HBD; KRT71; DHH; EN1; UBL4B; MOS; MRPL4; GEM; S1PR2; MIEN1; RPS23; MRPS23; KRT20; MGST2; ASL; CCDC15; METTL1; RACK1; RPL4; G6PC; NCOR2; RHAG; SMO; ARF4; CEBPE; CAP1; GATD3A; HMGCS2; ASGR2; SC5D; PRKCB; MRPS2; UBA52; SLC7A8; PACSIN3; MUC21; IRS2; MED25; LIPE; XPO1; B2M; TNR; ANGPTL3; BAG3; TNFRSF1B; CSF1; NARF; ADA; ENO1; IDE; SEPTIN2; ENTPD1; NFE2; CDKN3; BUD23; CYB5R1; CCL1; FAAP24; CD44; NDUFA13; AGA; GATM; CXCR3; TCHP; CA2; RIN1; CRK; PDPK1; MEFV; DDX58; STMN1; C1orf21; MN1; HMOX2; SLC7A1; GABARAPL2; ATG12; GABARAP; GOLGA6B; GLRX; MTMR2; RPS10; DNMT1; PYCARD; MIP; ACP5; VCP; SOD2; TP63; ICK; SDF2L1; MRPL32; RPL14; RPL32; VDAC3; CALR; SCAP; RGS1; ALDH3A2; RBFOX3; PXN; APC; SHC1; STMN4; CXCR2; UQCRFS1; SRC; TBPL1; OSM; POLE; A1CF; OBP2A; PHGDH; ADHFE1; LGMN; CAMP; FN1; YY1; MAP3K5; PTPN6; RELA; CHST5; PDCD1; PTPA; CTNND1; PHYH; PPP1CC; HDAC3; NRIP1; CEACAM8; AMH; NDRG3; SOD1; SLC18A1; SLC2A10; CDC25C; SPR; GADD45G; GADD45GIP1; NANOG; NR1I2; RPL5; NOG; CCRL2; PPP1CB; CKAP5; NCKAP5L; NCKAP5; AMDHD1; CCR6; PRKACG; ANGPTL6; ADD1; FABP4; XBP1; MAP2K7; MAT2B; SYT1; CLP1; RCOR2; CDK1; NDC80; SP2; BFSP2; GDPGP1; STX17; F13B; MTHFD2; AMOTL1; RETN; FKBP1A; SLC23A1; OFD1; CLDN3; TAC1; FAS; YWHAG; MSR1; RANBP1; RAN; CNDP2; AXIN2; TMEM26; LYPLA1; DLEU7; ALS2; NFATC2; GPT2; ARRB2; RABL3; CCDC12; SYCP3; CARD9; DRD2; GPC1; CXCR4; CSTB; ZNF8; EEF1D; SELL; CABP2; MGST1; NDEL1; ATF4; PSAP; BRMS1L; CASP14; SERPINA3; IL6R; EXOSC4; SDS; VPS37C; GFAP; LAMP1; ELL; NPY; OSR1; ASB9; CDC25A; RIT2; CYP2F1; SNAP23; SYP; FEZ2; PPP1R3E; PGS1; IFNA1; MGAM; YBX3; TCAP; NFATC2IP; RHD; SLAMF1; BHLHA15; MAP3K7; APOM; KRT27; IKBKB; ZSCAN1; REM2; ANGPT2; SULT1E1; SUDS3; JUNB; AIF1; SOCS1; CD69; IL6; DBP; TEC; SOST; SLC5A12; NAF1; CERS3; PLEK; PSMC3; ST7; TBX21; SMC3; TMF1; CHMP2B; GAS7
Navitoclax,1000,1000,C3; AKT3; AKT2; PC; BCL2A1; BCL2; TG; AKT1; HP; CP; GCK; MAPK3; C7; AR; PRKACA; C2; MAPK1; CS; C6; PPP1CA; ATG4D; F2; MB; PRKACB; C9; PCYT1A; MTOR; ATG4B; DCD; PPP2R1B; MAP3K5; HSPA8; CDA; C5; PTPN7; PPP2CB; VRK2; CASP3; F3; SP1; CASP1; ING1; PPP2CA; PIP; CWC15; CASP4; MAGED1; ADAM10; GK; RS1; SERPINB2; SLC25A31; TH; EIF4G1; SI; LGALS7B; GAL; LGALS7; CD22; TF; PIN1; F7; MAP3K1; ARF1; SERPINB1; CTSO; CR1; CR2; CDK1; BAD; F5; NFKBIA; CDKN3; RPS18; SH3BP5; SH3BP5L; ARL1; PNMT; BID; HR; DCT; DCTN5; CCDC17; NF2; MN1; CDK5; HRAS; CDK2; MBP; RRAS; LATS1; HMGB1; LGALS1; CCNL2; DUSP1; RHAG; CDKN1B; IL2; HAP1; DNAJC1; KRT3; ATM; REL; SMN1; CCNB1; COX4I1; CD4; PGR; TUBB; UBB; TUB; ALK; HAX1; NOTCH2; CCDC8; CCDC83; MKI67; PKMYT1; TXN; PDCL3; FGF2; SKI; TFEB; FOS; PDCL; KL; IL3; PDC; CTSB; EIF2AK2; APEX1; TGFBR2; ALB; STK11; CD44; IKBKG; TUBB4A; EGF; CCR7; SELE; FAH; FN1; PRKACG; MET; ACHE; SGK1; STAT1; HGF; KRT7; PRKCB; PRKCD; SPDYE6; EBP; FAP; CCNE1; KRT36; NRAS; EN2; IPP; BCL2L1; PAWR; EAF1; FOSL2; CRYZ; RB1; APC; LMNB1; CEBPA; HIF1A; TPPP3; TPPP; H3C12; CALML5; IFT74; PPP3R1; APP; H3C13; RNF2; CALML6; ZNF3; PRPF38B; PRPF3; ITGB1; CAVIN1; IFNA1; IRS1; RABL3; FGF7; EIF4E; RAC1; EIF2S1; NOS3; CD2; TSPO; C1orf21; F9; RP2; FH; TAP2; CCDC59; PERP; C1orf131; TNF; STMN1; PPP1CB; NRK; KRT2; NPHP1; PPP2R5D; CD27; PLG; NLGN3; SLC2A1; CRYAB; ANK1; FGFR1; ARC; TUBB8; H3-2; GAPDH; PKM; GC; RET; FGF3; APOB; H3-5; RNF6; NAT1; MAX; NES; CDC42; SYCE1; PF4; C22orf23; HDAC4; CCDC122; CCDC12; ANK2; IL22; RAG1; PABPC1; CA12; ZC4H2; CA1; PLK1; TP73; TUBB2A; PTEN; ANK3; GDNF; LMNA; KRT20; AGT; LOX; CAT; TBP; HNRNPD; GSK3A; CRP; RAD51; BNIP1; TEX2; NFE2L2; ATF3; CD5; RP1; ATP6V1E1; JUN; GPT; AK2; ZNF2; F11; SYCP3; DFFB; PPP1R3A; ING4; ATG13; SP5; LHB; HDC; TYR; CASP5; CAD; ZFAND3; ZNF28; CEBPD; ALS2; SRC; CA4; C6orf15; IK; ANKRD2; FOXO3; RPL3; CCR5; BCL2L15; TUBB2B; CFAP99; CCL2; TYMS; DNMT1; PRKG2; PTPA; TP63; CLC; TUBB1; NFATC2; NFATC4; RPL19; APOE; NF1; CCDC13; CASP14; VASP; PRKCZ; GATD3A; MAP2K7; ACYP1; SIRT1; NRBF2; UBC; SKA3; BAG1; PPP4C; BAG5; RPS27A; CRK; NIP7; CBL; MAP2K3; RCAN3; CREB3L2; PRKCQ; STX17; UBA52; GIP; MARCHF5; CCDC9; LPL; CREB5; CREB3; CANX; DNAJB1; JUND; INA; CCDC85A; CALR; MAP2K6; MAP7D2; MAP7; PIM1; F10; CRKL; HIF1AN; RAP1A; GLI1; ANG; UBE2N; STK3; KRT1; SESN2; IL18; C1S; HDGFL1; PIR; ZNF7; DRG1; LIM2; SRM; KRT19; IL6; VBP1; MRPL47; MRPL4; HSPB8; BRMS1; TMEM200A; RPL4; ZNF77; TCAP; HSPB1; WWP1; UBFD1; CDC6; MYZAP; TFAM; LDB1; XCR1; TMED2; CAVIN2; ESR1; HDGF; IST1; PEF1; DDIT4; KRT71; XBP1; RHO; RHOG; SSX2; PYCARD; ERICH2; NFATC2IP; KIF5C; MRPL1; CCDC6; CAP1; SHB; SNAI2; PAX6; FKBP5; PGAM1; NCF1; FGF5; SNAP25; MAPKAPK2; NMT1; DDX5; PHLDA3; RRS1; PTPN1; FKBP4; CCDC15; FGF1; ZNF419; ZNF41; AMOT; DEPTOR; FRS3; MAF; RILP; FOSB; FKBP1B; DSP; RACK1; TWIST1; PURB; PLEK; LRRC3; AIFM1; HPR; PPP1R2; POU5F1; CSK; MYC; CLP1; LSR; TXLNG; PRKAB2; RIN1; BLNK; PRKCI; NSL1; GFAP; CCDC96; WWOX; CDC16; UBE2V1; SRR; RBL1; DUSP5; AXIN1; PRDM1; TCHP; YY1; FGF4; LATS2; SP3; RALB; ARHGAP1; TNIP2; AIF1; GOLPH3; TBC1D1; LY96; MCL1; VHL; SMAD2; CFLAR; CASP8; SP2; PSMA7; NFKBIB; CEP63; KCNMB4; EGR1; PARK7; ANGPT1; HOOK2; NSA2; FBP1; ABCB1; CACNG4; TLR3; IL4; YOD1; NCL; CLIC1; DNAJB11; RCC2; HES1; ACR; ATG12; DYNLL1; ATF2; MDM4; GPT2; VEGFC; SP8; CARD16; KHDRBS2; ALYREF; TNFSF10; CXCL1; BAG4; ASL; CCDC50; CXCL10; ZFY; ARL4C; EBNA1BP2; RAB27A; THY1; KRT18; FKBP1C; CDKN1C; PRL; MYOD1; PTP4A3; HDAC7; PRSS1; HSF1; RAPGEF3; NEURL1; DUSP2; NEURL3; TFE3; RAN; RANBP1; PPP1CC; ENO1; PIK3CB; MMP3; FAM81B; PPIA; AIM2; AIRE; CXCR2; BPGM; SAFB2; SAFB; HSPB6; ARG1; SMTN; SMTNL1; ATP1B4; MR1; BATF; VDAC1; UCHL1; GDA; RHD; NRF1; CCR6; ICK; PRKCA; MAPKAPK5; RALA; TRAK1; ANXA1; PAK4; TIGAR; BPI; HNF1A; S100A4; CAMK2B; CEL; TRO; PML; SF1; RHOC; ANGPT2; HDAC3; YBX2; IL1RN; STAT3; CFL2; KIAA0753; STK32C; RHOB; AKAP1; AK1; CHL1; OGT; PLEK2; MRVI1; C1D; PAK2; LMAN2; KRT8; SHOC2; CCND2; FGA; DVL1; PTGES3; SNAP29; REN; ZC3H12A; TSG101; RHOA; IGBP1; RRAGD; RRAGC; PXN; PLK3; TP53; CDK16; MRAS; NLRP1; KCTD1; EFNB3; LGALS3; ATF6B; FOXO6; C12orf60; CCK; RHEB; CHM; CROCC; FBP2; HOMER3; SPATA16; IFT22; WDYHV1; ZNF8; HDAC5; TCTEX1D1; NDP; URI1; CACNG2; CACNG1; WT1; EIF1; FGF8; LIF; TMF1; MYCN; FOXP1; EPO; CACNG7; WBP4; E2F6; ST13; PHPT1; NGF; HK1; WNT1; CTTN; FOSL1; NAT2; CEBPB; HDAC1; CNN1; PDCD1; RNPS1; BECN2; RUNX2; LGMN; NMNAT2; INS; BECN1; NDUFS5; POR; USP1; RDM1; ADM; EPOR; CACNG5; SST; SPDYE5; CCL1; KIF3B; F8; TIGIT; CD33; NPS; ATF6; TNNC2; DNAJC17; FER; KRT5; MED1; KRT77; TNN; GOLGA6A; SPATA1; PDCD1LG2; EVL; BCL6; CDR2; CDR2L; A2M; AGA; GATM; ARSD; AARSD1; PFN1; PPARG; PPARGC1A; PARG; TAF9; TGFBR1; ID2; TCF7; BHLHA15; CA10; UBE2D1; CCDC103; UBE2D2; PFKFB2; CSNK2A1; SIRT6; TCF4; KRT73; EDAR; CD3E; CAST; MAP3K6; H1-0; MOG; GLB1; CD209; SH3GLB1; PLA2G4A; PRKD1; CIDEB; RD3; SERPINA1; MAPRE3; TAP1; YBX1; VRK3; SYNC; UBE2I; MX1; IRF8; GNAI3; PPP1R12A; AGMAT; NFE2; PSMD14; AEN; GFER; UBD; IFNA17; VEGFB; SDHA; PGPEP1; GPI; PGP; CCR3; MRPL15; RPL15; MAP2; RAB29; SHC1; PLSCR2; ATF5; TUBA1B; ATP5F1B; CXCR1; THPO; SH2B1; DNAAF1; WDR92; ZNF10; DRC1; CCDC153; HK3; FGG; MTMR14; PTPN5; PCNA; BAIAP2; PTPN6; RRM1; SRRM1; PACRG; PGAM2; HDAC9; MIP; MIPOL1; PI4KB; USP14; CRELD2; CYP2E1; SYBU; CGAS; LTB; EEF1D; CDK3; HNRNPA1; CHCHD3; CFH; CALM1; BCL2L14; MANSC1; GOLGA6L1; GOLGA6L10; CYC1; SH3GL2; MS4A1; CD47; ZAP70; NEFL; USP2; PABPN1; SIVA1; HBD; H2BC1; H2BC14; TAGLN; IL1B; IFNA14; DCC; IFNA6; CSNK2B; SPDYE1; SPDYE17; SCAP; NKX3-1; DPP9; CRH; PVALEF; NDUFS4; CCDC185; CCDC18; POLDIP2; SPATA2; PTPN2; RAB5C; PSMA3; KRT76; STK24; C1QTNF7; GADD45G; PTPN22; APIP; IDE; CDK14; ATF7; MRPS2; IFNA16; RPS2; IFNA8; TAC1; DAD1; DDX3X; SPN; OGA; SELL; ZBTB3; WAS; BCL10; DEUP1; RAB21; CNP; FGB; VIM; PPP1R42; CREB3L4; PRNP; TCL1A; ING2; LRRC6; TOMM20; CCDC22; LPP; ATP1B3; CTLA4; MAVS; PDGFA; CSF1; RO60; RNF4; NEDD8; TTC3; JUNB; AJUBA; TST; CYBA; EN1; NKD1; C2CD2; ADA; TACC3; CFAP73; SNRPG; RPL30; EIF1B; MEFV; TPM2; TXNDC9; MED7; RNF41; TNFRSF1B; SSNA1; TBC1D2; ELL; FOXJ2; TPM3; IFNA13; ID4; CCDC42; OTUD3; IRS4; ST7; DDX4; S100A6; FTL; TARBP2; CCDC28B; CCL20; HLA-DPB1; RPS16; KRT25; RBP2; NPY; CCL3; MMD; MIF; TRIM2; SOCS3; SDF2; ACTB; IFNA2; TXNDC2; FIS1; TNR; VMAC; PPP1R8; TBPL1; GLUL; CD34; CAP2; LRRC2; GID4; CLEC7A; MRPL3; SNCA; RIC1; CHMP4A; STXBP6; CT45A6; CD58; UBXN2A; MFAP3; LZTS3; TUBA1A; CAMK4; ATR; SLAMF6; PSMC4; ADIPOQ; ACD; NQO1; HNRNPK; YTHDF2; LEKR1; NDUFA13; TRAPPC3; SERPINB13; MED9; GP2; POU2F1; H2BC21; ETS2; RAB13; SNRPF; GLRX; TTN; GPX6; GPX7; NDUFB8; LRP1; RLIM; F12; CDC37; CDKN2C; MDC1; CCL7; WDR45; UBA1; ALDOA; RIT2; EXOC3; ILK; XCL1; PGK1; DCN
Intersection (Venetoclax & Navitoclax),1000,504,ACHE; ADA; ADAM10; ADM; AGA; AGT; AIF1; AIFM1; AK1; AKT1; AKT3; ALB; ALK; ALS2; ALYREF; AMOT; ANG; ANGPT1; ANGPT2; ANK1; ANK2; ANK3; ANKRD2; ANXA1; APC; APEX1; APIP; APOB; APOE; APP; AR; ARC; ARG1; ARHGAP1; ARL1; ASL; ATF3; ATG12; ATG4B; ATG4D; ATM; ATP1B3; ATP5F1B; ATP6V1E1; ATR; BAD; BAG1; BATF; BCL2; BCL2A1; BCL2L1; BECN1; BECN2; BHLHA15; BID; BNIP1; BPI; C1S; C1orf131; C1orf21; C2; C3; C5; C6; C6orf15; C7; C9; CA1; CA4; CAD; CALML5; CALML6; CALR; CANX; CAP1; CASP1; CASP14; CASP3; CASP4; CASP5; CASP8; CAT; CAVIN1; CAVIN2; CBL; CCDC12; CCDC13; CCDC15; CCDC17; CCDC59; CCDC6; CCDC8; CCDC83; CCDC9; CCK; CCL1; CCL2; CCNB1; CCNE1; CCNL2; CCR6; CCR7; CD2; CD22; CD27; CD4; CD44; CD47; CDA; CDC42; CDC6; CDK1; CDK2; CDK5; CDKN1B; CDKN1C; CDKN3; CDR2; CDR2L; CEBPA; CEBPB; CEBPD; CEL; CHL1; CHM; CLC; CLP1; COX4I1; CP; CR1; CR2; CRH; CRK; CROCC; CRYAB; CS; CSF1; CTSB; CTSO; CWC15; CXCR2; CYBA; CYP2E1; DAD1; DCC; DCD; DCT; DCTN5; DDIT4; DDX4; DDX5; DEUP1; DNAJB1; DNAJC1; DNMT1; DRC1; DSP; DUSP1; EBP; EEF1D; EGF; EIF2AK2; EIF2S1; ELL; EN1; ENO1; EPO; F10; F11; F2; F3; F5; F7; F8; F9; FAH; FAM81B; FAP; FBP1; FBP2; FGF1; FGF4; FGF7; FGFR1; FKBP5; FN1; FOS; FOSB; GADD45G; GAL; GAPDH; GATD3A; GATM; GC; GCK; GDNF; GFAP; GIP; GK; GLI1; GLRX; GLUL; GNAI3; GPI; GPT; GPT2; GSK3A; H2BC1; H2BC14; H3C12; HAP1; HAX1; HBD; HDAC1; HDAC3; HDAC4; HDC; HES1; HIF1A; HMGB1; HNRNPD; HP; HPR; HR; HRAS; HSPA8; HSPB1; ICK; IDE; IFNA1; IFT74; IK; IKBKG; IL2; IL3; IL6; INA; ING1; IPP; IRS1; IST1; ITGB1; JUN; JUNB; JUND; KIAA0753; KL; KRT1; KRT19; KRT2; KRT20; KRT25; KRT3; KRT5; KRT7; KRT71; KRT8; LEKR1; LGALS1; LGALS7; LGALS7B; LGMN; LHB; LIF; LIM2; LMNA; LOX; LPL; LTB; LZTS3; MAF; MAP2; MAP2K7; MAP3K1; MAP3K5; MAPK1; MAPK3; MB; MBP; MED1; MED7; MED9; MEFV; MET; MIP; MKI67; MN1; MR1; MRPL1; MRPL15; MRPL3; MRPL4; MRPS2; MTOR; MYC; MYCN; NAT1; NAT2; NCF1; NCL; NDUFA13; NDUFS5; NEDD8; NES; NF1; NF2; NFATC2; NFATC2IP; NFE2; NFE2L2; NFKBIA; NLGN3; NOS3; NOTCH2; NPY; NRAS; NSL1; PAWR; PC; PDC; PDCD1; PDCL; PDCL3; PEF1; PERP; PF4; PGAM1; PGP; PGPEP1; PGR; PIN1; PIP; PKM; PLA2G4A; PLEK; PLG; PLK1; PML; POR; POU5F1; PPP1CA; PPP1CB; PPP1CC; PPP1R2; PPP1R8; PPP2CA; PPP2CB; PPP2R1B; PPP3R1; PRDM1; PRKACA; PRKACG; PRKCB; PRKCZ; PRL; PRPF3; PRPF38B; PTGES3; PTPA; PTPN1; PTPN6; PTPN7; PURB; PXN; PYCARD; RAB5C; RABL3; RACK1; RAD51; RAG1; RAN; RANBP1; RB1; RBL1; RBP2; REL; RET; RHAG; RHD; RHEB; RHO; RHOA; RIC1; RILP; RIN1; RIT2; RNF2; RNF6; RP1; RP2; RPL15; RPL19; RPL3; RPL4; RPS18; RPS2; RPS27A; RRAS; RRS1; RS1; SCAP; SDF2; SDHA; SELE; SELL; SERPINA1; SERPINB1; SERPINB2; SF1; SGK1; SH3BP5; SH3BP5L; SHC1; SI; SIRT1; SIVA1; SKI; SLC25A31; SLC2A1; SMAD2; SMN1; SMTN; SMTNL1; SNAI2; SP1; SP2; SP3; SP8; SPATA1; SPATA16; SPATA2; SPDYE1; SPDYE5; SPDYE6; SPN; SRC; SRR; SST; SSX2; ST7; STAT1; STAT3; STMN1; STX17; SYCE1; SYCP3; TAC1; TACC3; TAP1; TAP2; TBP; TBPL1; TCAP; TCHP; TF; TFEB; TG; TGFBR1; TGFBR2; TH; THY1; TLR3; TMF1; TNF; TNFRSF1B; TNR; TP53; TP63; TP73; TPM2; TPM3; TPPP; TPPP3; TRO; TSPO; TTC3; TUB; TUBB; TUBB1; TUBB2A; TUBB2B; TUBB4A; TUBB8; TWIST1; TXN; TYMS; TYR; UBA52; UBB; UBC; UBE2I; UCHL1; USP1; VHL; VMAC; VRK2; WBP4; XBP1; YTHDF2; YY1; ZAP70; ZNF3; ZNF7; ZNF8
