drug_id,partner_id,gene_name,substrate,inducer,inhibitor
DB00027,BE0001032,ABCB1,0,0,1
DB00067,BE0001069,ABCC2,1,0,0
DB00091,BE0001032,ABCB1,1,1,1
DB00091,BE0001061,ABCC3,0,0,1
DB00091,BE0000703,ABCB11,0,0,1
DB00091,BE0003642,SLCO1A2,0,0,1
DB00091,BE0003643,SLC10A2,0,0,1
DB00091,BE0003644,SLC10A1,0,0,1
DB00091,BE0001066,SLC22A6,0,0,1
DB00091,BE0003651,ABCC10,0,0,1
DB00091,BE0001069,ABCC2,0,0,1
DB00091,BE0001067,ABCG2,0,0,1
DB00091,BE0001004,SLCO1B1,0,0,1
DB00091,BE0003659,SLCO1B3,0,0,1
DB00115,BE0000340,AMN,1,0,0
DB00115,BE0000238,TCN1,1,0,0
DB00115,BE0000362,TCN2,1,0,0
DB00115,BE0004690,GIF,1,0,0
DB00115,BE0000936,CUBN,1,0,0
DB00115,BE0000942,LRP2,0,0,0
DB00115,BE0000785,ABCC1,0,0,0
DB00116,BE0001069,ABCC2,0,0,1
DB00117,BE0003654,SLC16A10,1,0,1
DB00119,BE0000440,SLC16A7,1,0,1
DB00119,BE0000669,SLC16A1,1,0,1
DB00119,BE0003654,SLC16A10,1,0,1
DB00119,BE0003655,SLCO2A1,0,0,1
DB00119,BE0000449,SLC16A3,1,0,0
DB00120,BE0003654,SLC16A10,0,0,1
DB00122,BE0003647,SLC22A2,1,0,1
DB00122,BE0003648,SLC22A1,1,0,1
DB00122,BE0003650,SLC22A3,0,0,1
DB00122,BE0000106,SLC22A5,0,0,1
DB00122,BE0000757,SLC22A4,0,0,1
DB00122,BE0001059,SLC44A1,1,0,0
DB00122,BE0002182,SLC44A4,1,0,0
DB00122,BE0002183,SLC44A2,1,0,0
DB00122,BE0002184,SLC44A3,1,0,0
DB00122,BE0000696,SLC5A7,1,0,0
DB00123,BE0003654,SLC16A10,1,0,1
DB00123,BE0000757,SLC22A4,0,0,1
DB00125,BE0000106,SLC22A5,0,0,1
DB00125,BE0003654,SLC16A10,0,0,1
DB00125,BE0000757,SLC22A4,0,0,1
DB00126,BE0000168,SLC23A1,0,0,0
DB00127,BE0000757,SLC22A4,0,0,1
DB00127,BE0003648,SLC22A1,1,0,0
DB00128,BE0003654,SLC16A10,0,0,1
DB00130,BE0003654,SLC16A10,0,0,1
DB00130,BE0000285,SLC38A3,1,0,0
DB00130,BE0000236,SLC1A5,1,0,0
DB00130,BE0000789,SLC7A8,1,0,0
DB00133,BE0003654,SLC16A10,0,0,1
DB00134,BE0003654,SLC16A10,0,0,1
DB00135,BE0000178,SLC16A2,0,0,1
DB00135,BE0003654,SLC16A10,0,0,1
DB00138,BE0003654,SLC16A10,0,0,1
DB00139,BE0003645,SLC22A8,1,0,0
DB00140,BE0001066,SLC22A6,0,0,1
DB00142,BE0003654,SLC16A10,1,0,1
DB00142,BE0000669,SLC16A1,1,0,0
DB00143,BE0000785,ABCC1,1,0,1
DB00143,BE0001069,ABCC2,1,0,1
DB00143,BE0001061,ABCC3,1,0,0
DB00143,BE0001188,ABCC4,1,0,0
DB00143,BE0003639,ABCC5,1,0,0
DB00145,BE0003654,SLC16A10,1,0,1
DB00148,BE0000106,SLC22A5,0,0,1
DB00149,BE0003654,SLC16A10,0,0,1
DB00149,BE0000178,SLC16A2,1,0,0
DB00150,BE0000178,SLC16A2,0,0,1
DB00150,BE0003654,SLC16A10,0,0,1
DB00151,BE0003654,SLC16A10,0,0,1
DB00152,BE0003647,SLC22A2,0,0,1
DB00152,BE0003648,SLC22A1,1,0,0
DB00152,BE0000106,SLC22A5,0,0,1
DB00155,BE0001066,SLC22A6,1,0,0
DB00156,BE0003654,SLC16A10,0,0,1
DB00158,BE0003658,ABCC11,1,0,0
DB00158,BE0001061,ABCC3,1,0,0
DB00158,BE0001066,SLC22A6,0,0,1
DB00158,BE0001188,ABCC4,0,0,1
DB00158,BE0001067,ABCG2,1,0,0
DB00158,BE0001048,SLC46A1,1,0,0
DB00158,BE0000730,SLC25A32,1,0,0
DB00160,BE0003654,SLC16A10,0,0,1
DB00161,BE0003654,SLC16A10,0,0,1
DB00163,BE0000189,SCARB1,0,0,0
DB00163,BE0000119,ABCA1,0,0,0
DB00163,BE0000802,NPC1L1,0,0,0
DB00163,BE0001168,ABCG1,0,0,0
DB00167,BE0003654,SLC16A10,0,0,1
DB00168,BE0001066,SLC22A6,0,0,1
DB00168,BE0003645,SLC22A8,0,0,1
DB00168,BE0000879,SLC22A11,0,0,1
DB00172,BE0003654,SLC16A10,0,0,1
DB00174,BE0003654,SLC16A10,0,0,1
DB00175,BE0001004,SLCO1B1,1,0,0
DB00175,BE0001042,SLCO2B1,1,0,0
DB00175,BE0001032,ABCB1,1,0,0
DB00175,BE0003642,SLCO1A2,1,0,0
DB00175,BE0001066,SLC22A6,0,0,1
DB00175,BE0003645,SLC22A8,1,0,1
DB00175,BE0001069,ABCC2,1,0,0
DB00175,BE0000879,SLC22A11,1,0,0
DB00175,BE0001067,ABCG2,1,0,0
DB00175,BE0003646,SLC22A7,1,0,0
DB00175,BE0000669,SLC16A1,1,0,0
DB00175,BE0000703,ABCB11,1,0,0
DB00175,BE0003659,SLCO1B3,1,0,0
DB00176,BE0001032,ABCB1,0,0,1
DB00176,BE0000703,ABCB11,1,0,0
DB00177,BE0003659,SLCO1B3,1,0,0
DB00177,BE0001004,SLCO1B1,1,0,1
DB00177,BE0001069,ABCC2,1,0,0
DB00178,BE0001018,SLC15A1,1,0,0
DB00178,BE0001134,SLC15A2,1,0,0
DB00182,BE0003650,SLC22A3,1,0,0
DB00182,BE0000106,SLC22A5,1,0,0
DB00184,BE0003647,SLC22A2,0,0,1
DB00184,BE0003648,SLC22A1,0,0,1
DB00184,BE0003650,SLC22A3,0,0,1
DB00184,BE0000106,SLC22A5,0,0,1
DB00184,BE0000757,SLC22A4,0,0,1
DB00193,BE0001032,ABCB1,1,0,0
DB00196,BE0001032,ABCB1,0,0,1
DB00197,BE0000703,ABCB11,0,0,1
DB00197,BE0001004,SLCO1B1,0,0,1
DB00198,BE0001188,ABCC4,1,0,0
DB00198,BE0001018,SLC15A1,1,0,0
DB00198,BE0003645,SLC22A8,1,0,0
DB00199,BE0003659,SLCO1B3,1,0,1
DB00199,BE0000703,ABCB11,1,0,1
DB00199,BE0001032,ABCB1,1,0,1
DB00199,BE0001004,SLCO1B1,1,0,1
DB00199,BE0001069,ABCC2,1,0,0
DB00199,BE0003642,SLCO1A2,1,0,1
DB00201,BE0001067,ABCG2,0,0,1
DB00203,BE0001188,ABCC4,0,0,1
DB00203,BE0003639,ABCC5,0,0,1
DB00203,BE0003651,ABCC10,0,0,1
DB00203,BE0001004,SLCO1B1,0,0,1
DB00203,BE0001032,ABCB1,1,0,1
DB00204,BE0003647,SLC22A2,1,0,0
DB00205,BE0003657,SLC47A1,0,0,1
DB00205,BE0004752,SLC47A2,0,0,1
DB00206,BE0001032,ABCB1,1,1,1
DB00206,BE0003648,SLC22A1,0,0,1
DB00206,BE0000703,ABCB11,0,0,1
DB00206,BE0001069,ABCC2,0,0,1
DB00206,BE0003647,SLC22A2,1,0,0
DB00206,BE0001004,SLCO1B1,0,0,1
DB00206,BE0001042,SLCO2B1,0,0,1
DB00207,BE0001032,ABCB1,1,0,1
DB00207,BE0001069,ABCC2,1,0,1
DB00211,BE0001018,SLC15A1,0,0,0
DB00213,BE0001032,ABCB1,1,0,1
DB00213,BE0001067,ABCG2,1,0,1
DB00213,BE0003645,SLC22A8,0,0,1
DB00214,BE0001004,SLCO1B1,1,0,0
DB00215,BE0001032,ABCB1,1,0,1
DB00216,BE0001032,ABCB1,1,0,0
DB00220,BE0001032,ABCB1,1,1,1
DB00220,BE0003648,SLC22A1,0,0,1
DB00220,BE0003642,SLCO1A2,0,0,1
DB00220,BE0001067,ABCG2,0,0,1
DB00220,BE0001004,SLCO1B1,0,0,1
DB00220,BE0003659,SLCO1B3,0,0,1
DB00220,BE0001042,SLCO2B1,0,0,1
DB00220,BE0000703,ABCB11,1,0,0
DB00222,BE0000703,ABCB11,1,0,0
DB00224,BE0001032,ABCB1,1,1,1
DB00224,BE0003648,SLC22A1,0,0,1
DB00224,BE0000785,ABCC1,0,0,1
DB00224,BE0003642,SLCO1A2,0,0,1
DB00224,BE0001004,SLCO1B1,0,0,1
DB00224,BE0001069,ABCC2,1,0,0
DB00224,BE0001042,SLCO2B1,0,0,1
DB00224,BE0000703,ABCB11,1,0,0
DB00227,BE0001032,ABCB1,0,0,1
DB00227,BE0003642,SLCO1A2,0,0,1
DB00227,BE0001004,SLCO1B1,1,0,1
DB00227,BE0001069,ABCC2,1,0,0
DB00227,BE0000703,ABCB11,1,0,0
DB00227,BE0001042,SLCO2B1,0,0,0
DB00227,BE0003659,SLCO1B3,0,0,0
DB00229,BE0001066,SLC22A6,1,0,1
DB00229,BE0003645,SLC22A8,1,0,1
DB00230,BE0001054,SLC1A1,0,0,0
DB00230,BE0000222,SLC7A5,0,0,0
DB00234,BE0001032,ABCB1,0,0,1
DB00238,BE0003648,SLC22A1,0,0,1
DB00242,BE0001067,ABCG2,1,0,0
DB00242,BE0003672,SLC28A3,0,0,0
DB00243,BE0000703,ABCB11,1,0,0
DB00243,BE0001032,ABCB1,1,0,1
DB00248,BE0001032,ABCB1,1,0,0
DB00252,BE0003660,SLCO1C1,0,0,1
DB00252,BE0001032,ABCB1,1,0,0
DB00252,BE0001069,ABCC2,1,0,0
DB00254,BE0001066,SLC22A6,0,0,1
DB00254,BE0002369,ABCB5,0,1,0
DB00255,BE0001067,ABCG2,0,0,1
DB00255,BE0001032,ABCB1,1,0,0
DB00255,BE0001004,SLCO1B1,0,0,1
DB00255,BE0001042,SLCO2B1,1,0,0
DB00255,BE0000703,ABCB11,1,0,0
DB00257,BE0001032,ABCB1,0,1,1
DB00257,BE0000703,ABCB11,1,0,1
DB00257,BE0001004,SLCO1B1,1,0,1
DB00257,BE0003659,SLCO1B3,0,1,0
DB00260,BE0004704,SLC36A2,0,0,0
DB00264,BE0003647,SLC22A2,0,0,1
DB00264,BE0001032,ABCB1,1,0,0
DB00270,BE0000703,ABCB11,1,0,0
DB00273,BE0001032,ABCB1,1,0,0
DB00273,BE0004907,PRKAA1,0,1,0
DB00274,BE0001018,SLC15A1,0,0,1
DB00274,BE0001134,SLC15A2,0,0,1
DB00275,BE0001069,ABCC2,1,1,0
DB00275,BE0003659,SLCO1B3,1,0,0
DB00275,BE0001004,SLCO1B1,1,0,0
DB00275,BE0000703,ABCB11,1,0,0
DB00276,BE0001032,ABCB1,0,0,1
DB00277,BE0003646,SLC22A7,0,0,1
DB00279,BE0003642,SLCO1A2,1,0,0
DB00279,BE0001004,SLCO1B1,1,0,0
DB00279,BE0003659,SLCO1B3,1,0,0
DB00279,BE0003653,SLCO4C1,1,0,0
DB00279,BE0003644,SLC10A1,1,0,0
DB00279,BE0003660,SLCO1C1,1,0,1
DB00279,BE0003656,SLCO4A1,1,0,1
DB00279,BE0003645,SLC22A8,0,0,1
DB00279,BE0003654,SLC16A10,0,0,1
DB00279,BE0001032,ABCB1,0,1,0
DB00279,BE0000222,SLC7A5,0,0,0
DB00280,BE0003648,SLC22A1,0,0,1
DB00280,BE0003647,SLC22A2,0,0,1
DB00281,BE0000106,SLC22A5,0,0,1
DB00281,BE0001032,ABCB1,0,0,1
DB00285,BE0001032,ABCB1,1,0,1
DB00285,BE0001067,ABCG2,0,1,0
DB00286,BE0001061,ABCC3,0,0,1
DB00286,BE0001188,ABCC4,0,0,1
DB00286,BE0000785,ABCC1,0,0,1
DB00286,BE0003642,SLCO1A2,1,0,1
DB00286,BE0003644,SLC10A1,0,0,1
DB00286,BE0003652,SLC22A10,0,0,1
DB00286,BE0003645,SLC22A8,1,0,1
DB00286,BE0003660,SLCO1C1,1,0,1
DB00286,BE0001004,SLCO1B1,1,0,1
DB00286,BE0001042,SLCO2B1,1,0,0
DB00286,BE0001032,ABCB1,1,0,0
DB00286,BE0001066,SLC22A6,1,0,0
DB00286,BE0003667,SLC51A,1,0,0
DB00286,BE0003668,SLC51B,1,0,0
DB00286,BE0001069,ABCC2,1,0,0
DB00286,BE0003656,SLCO4A1,1,0,0
DB00286,BE0003658,ABCC11,1,0,0
DB00286,BE0003659,SLCO1B3,1,0,0
DB00286,BE0000879,SLC22A11,1,0,0
DB00286,BE0003661,SLCO3A1,1,0,0
DB00286,BE0001067,ABCG2,1,0,0
DB00291,BE0003642,SLCO1A2,0,0,0
DB00295,BE0001032,ABCB1,1,0,0
DB00300,BE0001066,SLC22A6,1,0,0
DB00300,BE0003645,SLC22A8,1,0,0
DB00300,BE0003651,ABCC10,1,0,0
DB00300,BE0001188,ABCC4,1,0,0
DB00300,BE0001069,ABCC2,1,0,0
DB00300,BE0001032,ABCB1,1,0,1
DB00301,BE0000703,ABCB11,1,0,0
DB00302,BE0001134,SLC15A2,0,0,0
DB00311,BE0001066,SLC22A6,0,0,1
DB00313,BE0001066,SLC22A6,0,0,1
DB00313,BE0000106,SLC22A5,0,0,1
DB00313,BE0003645,SLC22A8,1,0,1
DB00313,BE0000669,SLC16A1,1,0,0
DB00313,BE0003646,SLC22A7,1,0,0
DB00313,BE0001042,SLCO2B1,0,0,1
DB00316,BE0001032,ABCB1,0,0,1
DB00317,BE0001032,ABCB1,1,0,1
DB00317,BE0001067,ABCG2,1,0,1
DB00318,BE0003648,SLC22A1,1,0,1
DB00319,BE0001066,SLC22A6,0,0,1
DB00319,BE0003645,SLC22A8,1,0,0
DB00320,BE0001032,ABCB1,0,0,1
DB00321,BE0001032,ABCB1,1,0,0
DB00328,BE0001061,ABCC3,0,0,1
DB00328,BE0001188,ABCC4,0,0,1
DB00328,BE0003640,ABCC6,0,0,1
DB00328,BE0001032,ABCB1,1,0,1
DB00328,BE0000785,ABCC1,0,0,1
DB00328,BE0003642,SLCO1A2,1,0,1
DB00328,BE0001066,SLC22A6,1,0,1
DB00328,BE0003645,SLC22A8,0,0,1
DB00328,BE0001069,ABCC2,1,0,1
DB00328,BE0003658,ABCC11,0,0,1
DB00328,BE0000879,SLC22A11,0,0,1
DB00328,BE0003644,SLC10A1,1,0,0
DB00328,BE0003646,SLC22A7,1,0,0
DB00328,BE0001004,SLCO1B1,0,0,1
DB00328,BE0000703,ABCB11,1,0,0
DB00331,BE0003648,SLC22A1,1,0,0
DB00331,BE0003647,SLC22A2,1,0,1
DB00331,BE0003650,SLC22A3,1,0,0
DB00331,BE0003657,SLC47A1,1,0,0
DB00331,BE0004775,SLC29A4,1,0,0
DB00331,BE0004752,SLC47A2,1,0,0
DB00332,BE0000106,SLC22A5,1,0,0
DB00332,BE0000757,SLC22A4,1,0,0
DB00333,BE0001032,ABCB1,0,0,1
DB00334,BE0001032,ABCB1,1,0,0
DB00335,BE0000703,ABCB11,1,0,0
DB00338,BE0001067,ABCG2,0,0,1
DB00338,BE0001061,ABCC3,0,1,0
DB00338,BE0001032,ABCB1,1,0,1
DB00341,BE0001032,ABCB1,1,0,1
DB00342,BE0001032,ABCB1,0,0,1
DB00342,BE0000703,ABCB11,1,0,0
DB00343,BE0001032,ABCB1,1,0,1
DB00344,BE0001032,ABCB1,0,0,1
DB00345,BE0003647,SLC22A2,0,0,1
DB00345,BE0000106,SLC22A5,0,0,1
DB00345,BE0001066,SLC22A6,1,0,1
DB00345,BE0003645,SLC22A8,1,0,1
DB00345,BE0001069,ABCC2,1,0,1
DB00345,BE0000757,SLC22A4,0,0,1
DB00345,BE0000879,SLC22A11,1,0,1
DB00345,BE0003661,SLCO3A1,0,0,1
DB00345,BE0001004,SLCO1B1,0,0,1
DB00345,BE0000785,ABCC1,1,0,0
DB00345,BE0003642,SLCO1A2,1,0,0
DB00345,BE0000669,SLC16A1,1,0,0
DB00345,BE0003646,SLC22A7,1,0,0
DB00349,BE0000249,SLC6A1,0,0,0
DB00349,BE0004733,SLC6A11,0,0,0
DB00349,BE0001032,ABCB1,1,0,0
DB00351,BE0001032,ABCB1,0,0,1
DB00352,BE0001188,ABCC4,0,0,1
DB00358,BE0001032,ABCB1,0,0,1
DB00361,BE0001032,ABCB1,1,0,0
DB00363,BE0001032,ABCB1,1,0,0
DB00365,BE0001032,ABCB1,1,0,1
DB00365,BE0000785,ABCC1,1,0,0
DB00365,BE0001066,SLC22A6,1,0,0
DB00365,BE0003647,SLC22A2,0,0,1
DB00365,BE0000106,SLC22A5,0,0,1
DB00365,BE0001069,ABCC2,0,0,1
DB00368,BE0000486,SLC6A2,1,0,0
DB00368,BE0003647,SLC22A2,1,0,1
DB00368,BE0003650,SLC22A3,1,0,1
DB00368,BE0000106,SLC22A5,0,0,1
DB00368,BE0003648,SLC22A1,1,0,0
DB00368,BE0003665,POU5F1,1,0,0
DB00369,BE0001066,SLC22A6,1,0,1
DB00370,BE0000749,SLC6A4,1,0,1
DB00373,BE0001032,ABCB1,1,0,0
DB00381,BE0001032,ABCB1,1,0,1
DB00382,BE0001032,ABCB1,1,0,0
DB00390,BE0001032,ABCB1,1,1,1
DB00390,BE0003653,SLCO4C1,1,0,0
DB00390,BE0000703,ABCB11,1,0,0
DB00390,BE0003642,SLCO1A2,1,0,0
DB00390,BE0003667,SLC51A,1,0,0
DB00390,BE0003668,SLC51B,1,0,0
DB00390,BE0001004,SLCO1B1,1,0,1
DB00394,BE0001032,ABCB1,1,1,0
DB00394,BE0001067,ABCG2,0,0,1
DB00394,BE0001004,SLCO1B1,0,0,1
DB00394,BE0003659,SLCO1B3,0,0,1
DB00396,BE0001032,ABCB1,1,1,1
DB00396,BE0003647,SLC22A2,0,0,1
DB00396,BE0003648,SLC22A1,0,0,1
DB00396,BE0003650,SLC22A3,0,0,1
DB00396,BE0000703,ABCB11,0,0,1
DB00396,BE0000785,ABCC1,0,0,1
DB00396,BE0003644,SLC10A1,0,0,1
DB00396,BE0001004,SLCO1B1,0,0,1
DB00396,BE0001067,ABCG2,0,1,1
DB00396,BE0003659,SLCO1B3,0,1,0
DB00398,BE0001067,ABCG2,1,0,1
DB00398,BE0001188,ABCC4,0,0,1
DB00398,BE0001069,ABCC2,0,0,1
DB00398,BE0001032,ABCB1,1,0,1
DB00398,BE0004770,RALBP1,1,0,0
DB00398,BE0001004,SLCO1B1,0,0,1
DB00399,BE0000785,ABCC1,1,0,0
DB00401,BE0001032,ABCB1,0,0,1
DB00406,BE0003648,SLC22A1,0,0,0
DB00412,BE0001004,SLCO1B1,0,0,1
DB00412,BE0000703,ABCB11,1,0,0
DB00413,BE0003647,SLC22A2,1,0,0
DB00413,BE0003648,SLC22A1,1,0,0
DB00413,BE0003650,SLC22A3,0,0,0
DB00415,BE0000106,SLC22A5,0,0,1
DB00415,BE0001018,SLC15A1,0,0,1
DB00415,BE0001134,SLC15A2,0,0,1
DB00415,BE0000669,SLC16A1,0,0,0
DB00421,BE0001069,ABCC2,0,1,0
DB00421,BE0001032,ABCB1,0,1,0
DB00421,BE0003642,SLCO1A2,0,0,1
DB00421,BE0000703,ABCB11,1,0,0
DB00428,BE0001032,ABCB1,0,1,0
DB00432,BE0001066,SLC22A6,1,0,1
DB00432,BE0004705,SLC28A1,1,0,0
DB00432,BE0001204,SLC29A1,1,0,0
DB00432,BE0004706,SLC29A2,1,0,0
DB00437,BE0003645,SLC22A8,1,0,0
DB00437,BE0003646,SLC22A7,1,0,0
DB00437,BE0001067,ABCG2,1,0,0
DB00437,BE0003647,SLC22A2,0,0,0
DB00438,BE0000106,SLC22A5,0,0,1
DB00438,BE0001018,SLC15A1,0,0,1
DB00438,BE0001134,SLC15A2,0,0,1
DB00438,BE0001066,SLC22A6,0,0,1
DB00439,BE0001032,ABCB1,1,0,0
DB00439,BE0001069,ABCC2,1,0,0
DB00439,BE0001067,ABCG2,1,0,0
DB00439,BE0001004,SLCO1B1,1,0,1
DB00439,BE0000703,ABCB11,1,0,0
DB00440,BE0001032,ABCB1,0,1,1
DB00440,BE0003647,SLC22A2,0,0,1
DB00441,BE0001032,ABCB1,1,0,0
DB00441,BE0003651,ABCC10,1,0,0
DB00441,BE0001204,SLC29A1,1,0,0
DB00441,BE0004705,SLC28A1,0,0,0
DB00441,BE0004706,SLC29A2,0,0,0
DB00441,BE0003672,SLC28A3,1,0,0
DB00443,BE0001032,ABCB1,1,0,0
DB00444,BE0003640,ABCC6,1,0,0
DB00444,BE0001067,ABCG2,1,0,0
DB00445,BE0000785,ABCC1,1,0,0
DB00446,BE0001066,SLC22A6,0,0,1
DB00447,BE0001018,SLC15A1,0,0,1
DB00447,BE0001134,SLC15A2,0,0,1
DB00448,BE0001067,ABCG2,0,0,1
DB00448,BE0001032,ABCB1,1,0,1
DB00448,BE0003645,SLC22A8,0,0,1
DB00448,BE0003648,SLC22A1,0,0,0
DB00448,BE0003647,SLC22A2,0,0,0
DB00448,BE0003650,SLC22A3,0,0,0
DB00451,BE0003660,SLCO1C1,1,0,1
DB00451,BE0000178,SLC16A2,0,0,1
DB00451,BE0001032,ABCB1,0,1,0
DB00451,BE0003642,SLCO1A2,0,0,1
DB00451,BE0001004,SLCO1B1,0,0,1
DB00451,BE0003659,SLCO1B3,0,0,1
DB00451,BE0003656,SLCO4A1,0,0,0
DB00451,BE0003653,SLCO4C1,0,0,0
DB00451,BE0000222,SLC7A5,0,0,0
DB00451,BE0001042,SLCO2B1,0,0,1
DB00455,BE0001032,ABCB1,1,0,1
DB00455,BE0000703,ABCB11,1,0,0
DB00456,BE0000106,SLC22A5,0,0,1
DB00456,BE0001018,SLC15A1,0,0,1
DB00456,BE0001134,SLC15A2,0,0,1
DB00456,BE0001066,SLC22A6,0,0,1
DB00456,BE0003645,SLC22A8,0,0,1
DB00456,BE0000879,SLC22A11,0,0,1
DB00456,BE0003646,SLC22A7,0,0,1
DB00457,BE0003648,SLC22A1,1,0,1
DB00457,BE0003650,SLC22A3,0,0,1
DB00457,BE0001032,ABCB1,1,0,1
DB00457,BE0001067,ABCG2,1,0,0
DB00458,BE0001032,ABCB1,1,0,0
DB00458,BE0003647,SLC22A2,0,0,1
DB00458,BE0003650,SLC22A3,0,0,1
DB00458,BE0000757,SLC22A4,0,0,1
DB00468,BE0003647,SLC22A2,0,0,1
DB00468,BE0003648,SLC22A1,1,0,1
DB00468,BE0000106,SLC22A5,0,0,1
DB00468,BE0001032,ABCB1,1,0,1
DB00468,BE0003642,SLCO1A2,0,0,1
DB00468,BE0000757,SLC22A4,0,0,1
DB00468,BE0001004,SLCO1B1,0,0,1
DB00469,BE0003645,SLC22A8,0,0,1
DB00470,BE0001032,ABCB1,0,0,1
DB00470,BE0001067,ABCG2,0,0,1
DB00471,BE0001042,SLCO2B1,1,0,0
DB00472,BE0001032,ABCB1,0,0,1
DB00476,BE0001032,ABCB1,0,0,1
DB00477,BE0001032,ABCB1,1,0,1
DB00477,BE0000703,ABCB11,0,0,1
DB00480,BE0001032,ABCB1,1,0,0
DB00481,BE0001004,SLCO1B1,1,0,0
DB00481,BE0003659,SLCO1B3,1,0,0
DB00481,BE0001032,ABCB1,1,0,0
DB00481,BE0001067,ABCG2,1,0,0
DB00481,BE0001069,ABCC2,1,0,0
DB00481,BE0001061,ABCC3,1,0,0
DB00481,BE0001188,ABCC4,1,0,0
DB00482,BE0001188,ABCC4,0,0,1
DB00482,BE0000703,ABCB11,0,0,1
DB00482,BE0001032,ABCB1,1,0,0
DB00482,BE0001067,ABCG2,1,0,0
DB00485,BE0001018,SLC15A1,0,0,1
DB00485,BE0001134,SLC15A2,0,0,1
DB00490,BE0001032,ABCB1,0,0,1
DB00492,BE0001018,SLC15A1,1,0,0
DB00492,BE0001134,SLC15A2,1,0,0
DB00493,BE0001018,SLC15A1,0,0,1
DB00493,BE0001134,SLC15A2,0,0,1
DB00493,BE0001066,SLC22A6,0,0,1
DB00493,BE0003645,SLC22A8,0,0,1
DB00493,BE0000879,SLC22A11,0,0,1
DB00493,BE0003646,SLC22A7,0,0,1
DB00495,BE0003647,SLC22A2,0,0,0
DB00495,BE0001066,SLC22A6,1,0,0
DB00495,BE0003646,SLC22A7,0,0,0
DB00495,BE0003645,SLC22A8,1,0,1
DB00495,BE0000879,SLC22A11,0,0,0
DB00495,BE0004705,SLC28A1,0,0,0
DB00495,BE0004706,SLC29A2,0,0,0
DB00495,BE0001032,ABCB1,1,0,0
DB00495,BE0001188,ABCC4,1,0,0
DB00495,BE0003639,ABCC5,1,0,0
DB00495,BE0001067,ABCG2,1,0,0
DB00500,BE0001066,SLC22A6,0,0,1
DB00501,BE0001032,ABCB1,1,1,0
DB00501,BE0003647,SLC22A2,1,0,1
DB00501,BE0003648,SLC22A1,1,0,1
DB00501,BE0003650,SLC22A3,1,0,1
DB00501,BE0000106,SLC22A5,0,0,1
DB00501,BE0001066,SLC22A6,1,0,1
DB00501,BE0003645,SLC22A8,1,0,1
DB00501,BE0003657,SLC47A1,1,0,1
DB00501,BE0000757,SLC22A4,0,0,1
DB00501,BE0000879,SLC22A11,0,0,1
DB00501,BE0003646,SLC22A7,1,0,1
DB00501,BE0000703,ABCB11,0,0,1
DB00501,BE0004752,SLC47A2,1,0,1
DB00502,BE0001032,ABCB1,1,0,1
DB00503,BE0001032,ABCB1,1,1,1
DB00503,BE0000785,ABCC1,0,1,1
DB00503,BE0003642,SLCO1A2,0,0,1
DB00503,BE0001069,ABCC2,1,1,0
DB00503,BE0001067,ABCG2,0,0,1
DB00503,BE0001004,SLCO1B1,0,0,1
DB00503,BE0001042,SLCO2B1,0,0,1
DB00503,BE0000703,ABCB11,1,0,0
DB00508,BE0001032,ABCB1,0,0,1
DB00509,BE0001004,SLCO1B1,0,0,0
DB00509,BE0003660,SLCO1C1,0,0,0
DB00509,BE0003656,SLCO4A1,0,0,0
DB00509,BE0003653,SLCO4C1,0,0,0
DB00509,BE0000222,SLC7A5,0,0,0
DB00515,BE0001061,ABCC3,0,1,0
DB00515,BE0003639,ABCC5,0,1,0
DB00515,BE0001069,ABCC2,0,1,0
DB00515,BE0003647,SLC22A2,1,0,1
DB00515,BE0003649,SLC31A1,1,0,0
DB00515,BE0003662,SLC31A2,1,0,0
DB00515,BE0003640,ABCC6,1,0,0
DB00515,BE0001032,ABCB1,1,0,0
DB00515,BE0003664,ATP7B,1,0,0
DB00515,BE0003666,ATP7A,1,0,0
DB00515,BE0001067,ABCG2,1,0,0
DB00519,BE0001018,SLC15A1,1,0,0
DB00519,BE0001134,SLC15A2,1,0,0
DB00520,BE0003648,SLC22A1,0,0,0
DB00520,BE0001032,ABCB1,0,0,1
DB00520,BE0001066,SLC22A6,0,0,1
DB00520,BE0001004,SLCO1B1,0,0,1
DB00520,BE0003659,SLCO1B3,1,0,0
DB00523,BE0001032,ABCB1,1,0,0
DB00526,BE0003647,SLC22A2,1,0,0
DB00526,BE0003649,SLC31A1,1,0,0
DB00526,BE0003650,SLC22A3,1,0,0
DB00526,BE0001067,ABCG2,1,0,0
DB00526,BE0001069,ABCC2,1,0,0
DB00526,BE0003664,ATP7B,1,0,0
DB00526,BE0003666,ATP7A,1,0,0
DB00529,BE0001066,SLC22A6,0,0,1
DB00529,BE0000669,SLC16A1,1,0,0
DB00530,BE0001067,ABCG2,0,0,1
DB00530,BE0001032,ABCB1,1,0,0
DB00530,BE0001042,SLCO2B1,0,0,1
DB00533,BE0001188,ABCC4,0,0,1
DB00535,BE0000106,SLC22A5,0,0,1
DB00535,BE0001018,SLC15A1,1,0,1
DB00535,BE0001134,SLC15A2,0,0,1
DB00535,BE0001066,SLC22A6,1,0,0
DB00535,BE0003645,SLC22A8,1,0,0
DB00536,BE0003647,SLC22A2,0,0,1
DB00536,BE0003648,SLC22A1,0,0,1
DB00536,BE0003650,SLC22A3,1,0,1
DB00536,BE0000106,SLC22A5,0,0,1
DB00536,BE0003645,SLC22A8,0,0,1
DB00536,BE0000757,SLC22A4,0,0,1
DB00536,BE0003657,SLC47A1,1,0,0
DB00536,BE0004752,SLC47A2,0,0,0
DB00537,BE0001032,ABCB1,1,0,0
DB00537,BE0003657,SLC47A1,1,0,1
DB00537,BE0004752,SLC47A2,0,0,1
DB00539,BE0001032,ABCB1,1,0,0
DB00541,BE0001032,ABCB1,1,1,1
DB00541,BE0001061,ABCC3,0,0,1
DB00541,BE0003650,SLC22A3,0,0,1
DB00541,BE0000785,ABCC1,1,0,1
DB00541,BE0003651,ABCC10,1,0,1
DB00541,BE0001069,ABCC2,1,0,1
DB00541,BE0000703,ABCB11,1,0,0
DB00541,BE0001067,ABCG2,1,0,0
DB00541,BE0004770,RALBP1,1,0,0
DB00541,BE0001004,SLCO1B1,0,0,1
DB00541,BE0003659,SLCO1B3,0,0,1
DB00542,BE0001018,SLC15A1,1,0,0
DB00542,BE0001134,SLC15A2,1,0,0
DB00544,BE0003646,SLC22A7,1,0,0
DB00544,BE0001204,SLC29A1,1,0,0
DB00544,BE0001067,ABCG2,1,0,0
DB00544,BE0001061,ABCC3,1,0,0
DB00544,BE0001188,ABCC4,1,0,0
DB00544,BE0003639,ABCC5,1,0,0
DB00549,BE0001067,ABCG2,0,0,0
DB00554,BE0001066,SLC22A6,0,0,1
DB00554,BE0003645,SLC22A8,0,0,1
DB00554,BE0000879,SLC22A11,0,0,1
DB00554,BE0001042,SLCO2B1,0,0,1
DB00555,BE0001032,ABCB1,1,0,0
DB00555,BE0003647,SLC22A2,0,0,1
DB00559,BE0000703,ABCB11,0,0,1
DB00563,BE0001061,ABCC3,1,0,1
DB00563,BE0001188,ABCC4,1,0,1
DB00563,BE0000785,ABCC1,1,0,1
DB00563,BE0001066,SLC22A6,1,0,1
DB00563,BE0003651,ABCC10,0,0,1
DB00563,BE0003645,SLC22A8,1,0,1
DB00563,BE0001069,ABCC2,1,0,1
DB00563,BE0001032,ABCB1,1,0,0
DB00563,BE0003642,SLCO1A2,1,0,0
DB00563,BE0000669,SLC16A1,1,0,0
DB00563,BE0003658,ABCC11,1,0,0
DB00563,BE0003659,SLCO1B3,1,0,0
DB00563,BE0000879,SLC22A11,1,0,0
DB00563,BE0003660,SLCO1C1,1,0,0
DB00563,BE0003661,SLCO3A1,1,0,0
DB00563,BE0001067,ABCG2,1,0,0
DB00563,BE0003646,SLC22A7,1,0,0
DB00563,BE0001048,SLC46A1,1,0,1
DB00563,BE0001004,SLCO1B1,1,0,0
DB00563,BE0003653,SLCO4C1,0,0,0
DB00563,BE0004711,SLC19A1,1,0,0
DB00563,BE0003405,FOLR1,1,0,0
DB00563,BE0000271,FOLR2,1,0,0
DB00563,BE0001018,SLC15A1,1,0,0
DB00563,BE0000536,SLC36A1,1,0,0
DB00564,BE0001032,ABCB1,0,1,0
DB00564,BE0004770,RALBP1,1,0,0
DB00564,BE0001069,ABCC2,1,0,0
DB00567,BE0000106,SLC22A5,0,0,1
DB00567,BE0001018,SLC15A1,1,0,1
DB00567,BE0001134,SLC15A2,0,0,1
DB00567,BE0001066,SLC22A6,1,0,1
DB00567,BE0003657,SLC47A1,1,0,0
DB00567,BE0003645,SLC22A8,0,0,1
DB00570,BE0001032,ABCB1,1,1,1
DB00570,BE0000785,ABCC1,1,1,1
DB00570,BE0001069,ABCC2,1,1,1
DB00570,BE0003640,ABCC6,0,0,1
DB00570,BE0000703,ABCB11,1,0,1
DB00570,BE0001004,SLCO1B1,0,0,1
DB00571,BE0003647,SLC22A2,0,0,1
DB00571,BE0001032,ABCB1,1,0,0
DB00572,BE0000703,ABCB11,1,0,0
DB00575,BE0003650,SLC22A3,0,0,1
DB00575,BE0000106,SLC22A5,0,0,1
DB00575,BE0000757,SLC22A4,0,0,1
DB00575,BE0001032,ABCB1,1,0,0
DB00577,BE0001018,SLC15A1,1,0,1
DB00577,BE0001134,SLC15A2,1,0,1
DB00577,BE0003645,SLC22A8,1,0,0
DB00577,BE0001066,SLC22A6,0,0,0
DB00577,BE0000423,SLC6A14,0,0,0
DB00577,BE0003643,SLC10A2,1,0,0
DB00578,BE0001066,SLC22A6,0,0,1
DB00583,BE0000757,SLC22A4,1,0,1
DB00583,BE0001004,SLCO1B1,0,0,1
DB00583,BE0000106,SLC22A5,1,0,0
DB00583,BE0003669,SLC22A16,1,0,0
DB00583,BE0003645,SLC22A8,1,0,0
DB00584,BE0001032,ABCB1,0,0,1
DB00584,BE0001018,SLC15A1,1,0,1
DB00584,BE0001066,SLC22A6,0,0,1
DB00584,BE0003645,SLC22A8,0,0,1
DB00584,BE0003646,SLC22A7,0,0,1
DB00584,BE0003642,SLCO1A2,1,0,0
DB00585,BE0001032,ABCB1,1,0,0
DB00586,BE0001066,SLC22A6,0,0,1
DB00586,BE0001188,ABCC4,0,0,1
DB00586,BE0000785,ABCC1,0,0,1
DB00586,BE0003645,SLC22A8,0,0,1
DB00586,BE0000879,SLC22A11,0,0,1
DB00586,BE0003660,SLCO1C1,0,0,1
DB00586,BE0001004,SLCO1B1,0,0,1
DB00586,BE0000703,ABCB11,1,0,0
DB00586,BE0002083,SCN4A,0,0,1
DB00586,BE0000353,ASIC1,0,0,1
DB00586,BE0000897,KCNQ2,0,0,0
DB00586,BE0002398,KCNQ3,0,0,0
DB00590,BE0001032,ABCB1,0,0,1
DB00590,BE0003648,SLC22A1,0,0,1
DB00594,BE0003647,SLC22A2,0,0,1
DB00594,BE0000757,SLC22A4,0,0,1
DB00595,BE0001066,SLC22A6,0,0,1
DB00595,BE0003645,SLC22A8,0,0,1
DB00595,BE0000879,SLC22A11,0,0,1
DB00595,BE0003646,SLC22A7,0,0,1
DB00598,BE0002369,ABCB5,0,0,0
DB00602,BE0001032,ABCB1,1,0,1
DB00602,BE0000785,ABCC1,0,0,1
DB00602,BE0001069,ABCC2,0,0,1
DB00602,BE0001067,ABCG2,1,0,0
DB00602,BE0001004,SLCO1B1,0,0,1
DB00602,BE0003659,SLCO1B3,0,0,1
DB00605,BE0001066,SLC22A6,0,0,1
DB00606,BE0001066,SLC22A6,0,0,1
DB00607,BE0001066,SLC22A6,0,0,1
DB00608,BE0001032,ABCB1,1,0,1
DB00612,BE0001032,ABCB1,1,0,1
DB00613,BE0001032,ABCB1,0,0,1
DB00615,BE0001032,ABCB1,0,1,0
DB00619,BE0003648,SLC22A1,1,0,0
DB00619,BE0001032,ABCB1,1,0,1
DB00619,BE0003647,SLC22A2,0,0,1
DB00619,BE0001067,ABCG2,1,0,1
DB00619,BE0003671,ABCA3,1,0,0
DB00619,BE0000703,ABCB11,1,0,0
DB00622,BE0001032,ABCB1,1,0,1
DB00622,BE0001004,SLCO1B1,0,0,1
DB00622,BE0000703,ABCB11,1,0,0
DB00623,BE0001032,ABCB1,0,0,1
DB00624,BE0003645,SLC22A8,0,1,0
DB00624,BE0003646,SLC22A7,0,0,1
DB00624,BE0003644,SLC10A1,0,0,1
DB00624,BE0001067,ABCG2,1,0,0
DB00624,BE0003659,SLCO1B3,1,0,0
DB00625,BE0000703,ABCB11,1,0,0
DB00625,BE0003648,SLC22A1,0,0,1
DB00626,BE0009705,bcrA,1,0,0
DB00626,BE0009706,bcrB,1,0,0
DB00626,BE0009707,bcrC,1,0,0
DB00627,BE0000106,SLC22A5,0,0,1
DB00627,BE0001042,SLCO2B1,0,0,1
DB00627,BE0000669,SLC16A1,1,0,0
DB00627,BE0004708,SLC5A8,0,0,0
DB00627,BE0000449,SLC16A3,0,0,0
DB00631,BE0001067,ABCG2,1,0,0
DB00635,BE0001032,ABCB1,1,1,0
DB00635,BE0003642,SLCO1A2,0,0,1
DB00637,BE0001032,ABCB1,0,0,1
DB00637,BE0000703,ABCB11,1,0,0
DB00640,BE0003672,SLC28A3,0,0,0
DB00641,BE0001032,ABCB1,0,0,1
DB00641,BE0003642,SLCO1A2,0,0,1
DB00641,BE0001004,SLCO1B1,1,0,1
DB00641,BE0001069,ABCC2,1,0,0
DB00641,BE0000703,ABCB11,1,0,0
DB00641,BE0001042,SLCO2B1,0,0,0
DB00641,BE0003659,SLCO1B3,0,0,0
DB00642,BE0003645,SLC22A8,1,0,0
DB00646,BE0001004,SLCO1B1,0,0,1
DB00646,BE0003659,SLCO1B3,0,0,1
DB00649,BE0001066,SLC22A6,1,0,0
DB00649,BE0004705,SLC28A1,0,0,0
DB00650,BE0003645,SLC22A8,1,0,1
DB00654,BE0003655,SLCO2A1,1,0,0
DB00654,BE0001066,SLC22A6,1,0,1
DB00654,BE0003645,SLC22A8,0,0,1
DB00655,BE0001042,SLCO2B1,0,0,1
DB00655,BE0001032,ABCB1,1,1,0
DB00655,BE0003642,SLCO1A2,0,0,1
DB00655,BE0001067,ABCG2,0,0,1
DB00655,BE0001004,SLCO1B1,0,0,1
DB00655,BE0003645,SLC22A8,1,0,0
DB00656,BE0001032,ABCB1,0,1,0
DB00659,BE0000536,SLC36A1,0,0,0
DB00661,BE0001032,ABCB1,1,0,1
DB00661,BE0003648,SLC22A1,0,0,1
DB00661,BE0000757,SLC22A4,0,0,1
DB00661,BE0000106,SLC22A5,0,0,1
DB00661,BE0001061,ABCC3,0,0,1
DB00661,BE0001004,SLCO1B1,0,0,1
DB00661,BE0003642,SLCO1A2,0,0,1
DB00661,BE0000785,ABCC1,0,0,1
DB00661,BE0001188,ABCC4,0,0,1
DB00661,BE0003651,ABCC10,0,0,1
DB00661,BE0003657,SLC47A1,0,0,1
DB00661,BE0004752,SLC47A2,0,0,1
DB00668,BE0003647,SLC22A2,1,0,0
DB00668,BE0003648,SLC22A1,1,0,0
DB00669,BE0003642,SLCO1A2,0,1,0
DB00669,BE0001032,ABCB1,1,0,0
DB00669,BE0001067,ABCG2,1,0,0
DB00669,BE0001004,SLCO1B1,1,0,0
DB00671,BE0000106,SLC22A5,0,0,1
DB00671,BE0001018,SLC15A1,1,0,1
DB00671,BE0001134,SLC15A2,0,0,1
DB00672,BE0001018,SLC15A1,0,0,1
DB00672,BE0001134,SLC15A2,0,0,1
DB00672,BE0001066,SLC22A6,0,0,1
DB00675,BE0001032,ABCB1,1,1,1
DB00675,BE0001067,ABCG2,1,0,0
DB00675,BE0001069,ABCC2,1,0,0
DB00675,BE0000703,ABCB11,0,0,1
DB00675,BE0000119,ABCA1,1,0,0
DB00678,BE0001032,ABCB1,1,0,1
DB00678,BE0001066,SLC22A6,0,0,1
DB00678,BE0004782,SLC22A12,0,0,1
DB00678,BE0004783,SLC2A9,0,0,1
DB00678,BE0000703,ABCB11,1,0,0
DB00688,BE0001004,SLCO1B1,1,0,0
DB00688,BE0003659,SLCO1B3,1,0,0
DB00688,BE0001067,ABCG2,1,0,0
DB00688,BE0001032,ABCB1,1,0,0
DB00688,BE0001069,ABCC2,0,0,0
DB00689,BE0000106,SLC22A5,0,0,1
DB00690,BE0001032,ABCB1,0,0,1
DB00690,BE0003647,SLC22A2,0,0,1
DB00691,BE0001018,SLC15A1,1,0,0
DB00691,BE0001134,SLC15A2,1,0,0
DB00693,BE0001066,SLC22A6,1,0,1
DB00693,BE0000703,ABCB11,1,0,0
DB00693,BE0000785,ABCC1,1,0,0
DB00694,BE0001032,ABCB1,1,1,1
DB00694,BE0000785,ABCC1,1,0,1
DB00694,BE0003651,ABCC10,1,0,0
DB00694,BE0001069,ABCC2,0,0,1
DB00694,BE0003640,ABCC6,1,0,0
DB00694,BE0000703,ABCB11,1,0,0
DB00694,BE0001067,ABCG2,1,0,0
DB00695,BE0001066,SLC22A6,0,1,1
DB00695,BE0000106,SLC22A5,0,0,1
DB00695,BE0003645,SLC22A8,0,0,1
DB00695,BE0001069,ABCC2,0,0,1
DB00695,BE0003655,SLCO2A1,0,0,1
DB00695,BE0000879,SLC22A11,0,0,1
DB00696,BE0001032,ABCB1,0,0,1
DB00698,BE0001067,ABCG2,1,0,0
DB00698,BE0000703,ABCB11,1,0,0
DB00698,BE0001032,ABCB1,1,0,0
DB00698,BE0001069,ABCC2,0,0,0
DB00701,BE0001032,ABCB1,1,1,0
DB00701,BE0000785,ABCC1,0,0,1
DB00701,BE0001004,SLCO1B1,0,0,1
DB00703,BE0001066,SLC22A6,0,0,1
DB00709,BE0000785,ABCC1,0,0,1
DB00709,BE0001066,SLC22A6,1,0,0
DB00709,BE0001067,ABCG2,1,0,0
DB00709,BE0003648,SLC22A1,1,0,0
DB00709,BE0003647,SLC22A2,1,0,0
DB00709,BE0003650,SLC22A3,1,0,0
DB00709,BE0001032,ABCB1,1,0,0
DB00709,BE0001188,ABCC4,1,0,0
DB00709,BE0001061,ABCC3,1,0,0
DB00709,BE0001069,ABCC2,0,0,0
DB00712,BE0001188,ABCC4,0,0,1
DB00712,BE0001066,SLC22A6,0,0,1
DB00713,BE0001018,SLC15A1,0,0,1
DB00713,BE0001134,SLC15A2,0,0,1
DB00715,BE0001032,ABCB1,0,0,1
DB00717,BE0001032,ABCB1,0,0,1
DB00718,BE0001066,SLC22A6,1,0,1
DB00718,BE0001188,ABCC4,1,0,0
DB00718,BE0003639,ABCC5,1,0,0
DB00718,BE0003650,SLC22A3,1,0,0
DB00722,BE0001018,SLC15A1,1,0,1
DB00722,BE0001134,SLC15A2,1,0,0
DB00726,BE0001032,ABCB1,1,0,0
DB00728,BE0003648,SLC22A1,1,0,0
DB00728,BE0003642,SLCO1A2,1,0,0
DB00731,BE0001188,ABCC4,1,0,0
DB00731,BE0000669,SLC16A1,1,0,0
DB00731,BE0001018,SLC15A1,0,0,1
DB00731,BE0001134,SLC15A2,0,0,1
DB00731,BE0001066,SLC22A6,0,0,1
DB00734,BE0001032,ABCB1,1,0,0
DB00736,BE0001032,ABCB1,1,0,1
DB00736,BE0003645,SLC22A8,0,0,1
DB00740,BE0001067,ABCG2,1,0,0
DB00741,BE0001032,ABCB1,1,1,0
DB00741,BE0003642,SLCO1A2,0,0,1
DB00741,BE0003645,SLC22A8,1,0,0
DB00742,BE0001032,ABCB1,1,0,0
DB00747,BE0001032,ABCB1,0,0,1
DB00749,BE0001066,SLC22A6,0,0,1
DB00751,BE0001032,ABCB1,1,0,0
DB00755,BE0000508,CRABP1,1,0,0
DB00755,BE0000782,CRABP2,1,0,0
DB00758,BE0001032,ABCB1,1,0,0
DB00758,BE0003648,SLC22A1,0,0,1
DB00758,BE0003647,SLC22A2,0,0,1
DB00759,BE0001066,SLC22A6,0,0,1
DB00759,BE0003645,SLC22A8,1,0,1
DB00759,BE0000879,SLC22A11,0,0,1
DB00759,BE0003646,SLC22A7,0,0,1
DB00759,BE0001042,SLCO2B1,0,0,1
DB00761,BE0000281,SLC12A2,1,0,0
DB00761,BE0000502,SLC12A1,1,0,0
DB00761,BE0000047,SLC12A5,1,0,0
DB00761,BE0000140,SLC12A6,1,0,0
DB00761,BE0000276,SLC12A7,1,0,0
DB00761,BE0000601,SLC12A4,1,0,0
DB00762,BE0003650,SLC22A3,0,0,1
DB00762,BE0001004,SLCO1B1,0,0,1
DB00762,BE0000785,ABCC1,1,0,0
DB00762,BE0001067,ABCG2,1,0,0
DB00762,BE0001032,ABCB1,1,0,0
DB00762,BE0001069,ABCC2,1,0,0
DB00766,BE0004754,SLC5A1,0,1,0
DB00768,BE0001032,ABCB1,1,0,0
DB00770,BE0003639,ABCC5,0,0,1
DB00770,BE0001042,SLCO2B1,0,0,1
DB00770,BE0003661,SLCO3A1,0,0,1
DB00770,BE0001188,ABCC4,1,0,0
DB00770,BE0003655,SLCO2A1,1,0,0
DB00770,BE0001066,SLC22A6,1,0,1
DB00773,BE0001061,ABCC3,1,0,1
DB00773,BE0003640,ABCC6,1,0,1
DB00773,BE0001032,ABCB1,1,0,1
DB00773,BE0000785,ABCC1,1,0,1
DB00773,BE0003651,ABCC10,1,0,1
DB00773,BE0001069,ABCC2,1,0,1
DB00773,BE0001067,ABCG2,1,0,0
DB00776,BE0001032,ABCB1,1,0,0
DB00779,BE0001066,SLC22A6,0,0,1
DB00781,BE0001134,SLC15A2,0,0,0
DB00783,BE0003647,SLC22A2,0,0,1
DB00783,BE0003648,SLC22A1,0,0,1
DB00783,BE0003650,SLC22A3,0,0,1
DB00783,BE0001042,SLCO2B1,0,0,1
DB00783,BE0003642,SLCO1A2,0,0,1
DB00783,BE0003651,ABCC10,0,0,1
DB00783,BE0000879,SLC22A11,0,0,1
DB00783,BE0001067,ABCG2,0,1,1
DB00783,BE0001004,SLCO1B1,0,0,1
DB00783,BE0001032,ABCB1,1,0,0
DB00783,BE0003645,SLC22A8,1,0,0
DB00783,BE0003659,SLCO1B3,0,0,0
DB00783,BE0003660,SLCO1C1,0,0,0
DB00783,BE0003656,SLCO4A1,0,0,0
DB00787,BE0003648,SLC22A1,1,0,1
DB00787,BE0001066,SLC22A6,1,0,1
DB00787,BE0003645,SLC22A8,1,0,1
DB00787,BE0003643,SLC10A2,1,0,0
DB00787,BE0003657,SLC47A1,1,0,0
DB00787,BE0004752,SLC47A2,1,0,0
DB00788,BE0003642,SLCO1A2,0,0,1
DB00788,BE0001066,SLC22A6,0,0,1
DB00788,BE0000703,ABCB11,1,0,0
DB00788,BE0001032,ABCB1,0,0,1
DB00788,BE0003645,SLC22A8,0,0,0
DB00790,BE0001018,SLC15A1,1,0,0
DB00790,BE0001134,SLC15A2,1,0,0
DB00795,BE0001067,ABCG2,1,0,1
DB00795,BE0001069,ABCC2,1,0,0
DB00795,BE0001048,SLC46A1,0,0,1
DB00795,BE0001004,SLCO1B1,0,0,1
DB00795,BE0003659,SLCO1B3,0,0,1
DB00795,BE0001042,SLCO2B1,0,0,1
DB00796,BE0001032,ABCB1,0,0,1
DB00798,BE0001066,SLC22A6,0,0,1
DB00802,BE0001032,ABCB1,0,0,1
DB00811,BE0003672,SLC28A3,1,0,0
DB00811,BE0001204,SLC29A1,1,0,0
DB00812,BE0001066,SLC22A6,0,0,1
DB00812,BE0003645,SLC22A8,0,0,1
DB00812,BE0000879,SLC22A11,0,0,1
DB00813,BE0001032,ABCB1,0,0,1
DB00814,BE0001188,ABCC4,1,0,0
DB00819,BE0001066,SLC22A6,0,0,1
DB00821,BE0001066,SLC22A6,0,0,1
DB00822,BE0000703,ABCB11,1,0,0
DB00827,BE0001066,SLC22A6,0,0,1
DB00829,BE0001032,ABCB1,1,0,0
DB00831,BE0001032,ABCB1,0,0,1
DB00833,BE0001018,SLC15A1,0,0,1
DB00833,BE0001134,SLC15A2,0,0,1
DB00833,BE0003645,SLC22A8,1,0,1
DB00833,BE0000703,ABCB11,1,0,0
DB00834,BE0001032,ABCB1,0,1,1
DB00834,BE0000785,ABCC1,0,0,1
DB00834,BE0000703,ABCB11,1,0,0
DB00834,BE0001004,SLCO1B1,0,0,1
DB00834,BE0003659,SLCO1B3,0,0,1
DB00836,BE0001032,ABCB1,1,0,0
DB00843,BE0001067,ABCG2,1,0,0
DB00843,BE0001032,ABCB1,1,0,0
DB00845,BE0000703,ABCB11,0,0,1
DB00845,BE0001032,ABCB1,0,0,1
DB00855,BE0001018,SLC15A1,0,0,1
DB00855,BE0001134,SLC15A2,0,0,1
DB00857,BE0009791,MDR2,1,0,0
DB00859,BE0001004,SLCO1B1,1,0,0
DB00860,BE0003642,SLCO1A2,0,0,1
DB00860,BE0001032,ABCB1,1,0,0
DB00861,BE0001066,SLC22A6,0,0,1
DB00862,BE0001032,ABCB1,1,0,1
DB00863,BE0003648,SLC22A1,1,0,1
DB00863,BE0001032,ABCB1,1,0,1
DB00863,BE0003645,SLC22A8,1,0,0
DB00863,BE0003647,SLC22A2,1,0,0
DB00864,BE0001032,ABCB1,1,1,1
DB00864,BE0003670,ABCA5,1,0,0
DB00864,BE0001004,SLCO1B1,0,0,1
DB00875,BE0001032,ABCB1,0,0,1
DB00876,BE0001069,ABCC2,0,1,0
DB00877,BE0001032,ABCB1,0,1,1
DB00877,BE0001004,SLCO1B1,0,0,1
DB00877,BE0003657,SLC47A1,0,0,0
DB00879,BE0003657,SLC47A1,1,0,0
DB00880,BE0001066,SLC22A6,0,0,1
DB00881,BE0001018,SLC15A1,1,0,0
DB00881,BE0001134,SLC15A2,1,0,0
DB00881,BE0003645,SLC22A8,1,0,0
DB00882,BE0001032,ABCB1,1,0,0
DB00887,BE0003644,SLC10A1,1,0,1
DB00887,BE0001066,SLC22A6,1,0,1
DB00887,BE0003645,SLC22A8,0,0,1
DB00887,BE0000879,SLC22A11,0,0,1
DB00887,BE0003646,SLC22A7,0,0,1
DB00887,BE0003642,SLCO1A2,1,0,0
DB00900,BE0001066,SLC22A6,1,0,0
DB00900,BE0001204,SLC29A1,0,0,0
DB00900,BE0004706,SLC29A2,0,0,0
DB00903,BE0001066,SLC22A6,0,0,1
DB00907,BE0003647,SLC22A2,0,0,1
DB00908,BE0003647,SLC22A2,0,0,1
DB00908,BE0003648,SLC22A1,0,0,1
DB00908,BE0000106,SLC22A5,0,0,1
DB00908,BE0001032,ABCB1,1,0,1
DB00908,BE0003642,SLCO1A2,0,0,1
DB00908,BE0003645,SLC22A8,0,0,1
DB00908,BE0001069,ABCC2,0,0,1
DB00908,BE0000757,SLC22A4,0,0,1
DB00908,BE0001004,SLCO1B1,0,0,1
DB00908,BE0000703,ABCB11,0,0,1
DB00911,BE0000703,ABCB11,1,0,0
DB00912,BE0001004,SLCO1B1,1,0,0
DB00912,BE0000703,ABCB11,1,0,0
DB00914,BE0003647,SLC22A2,0,0,1
DB00914,BE0003648,SLC22A1,1,0,0
DB00915,BE0003647,SLC22A2,1,0,1
DB00915,BE0003648,SLC22A1,1,0,1
DB00916,BE0001032,ABCB1,0,0,1
DB00917,BE0003647,SLC22A2,0,0,1
DB00917,BE0003639,ABCC5,0,0,1
DB00917,BE0001066,SLC22A6,1,0,1
DB00917,BE0003645,SLC22A8,1,0,1
DB00917,BE0000879,SLC22A11,0,0,1
DB00917,BE0003646,SLC22A7,1,0,1
DB00917,BE0001188,ABCC4,1,0,0
DB00917,BE0001042,SLCO2B1,1,0,0
DB00917,BE0003642,SLCO1A2,1,0,0
DB00917,BE0003667,SLC51A,1,0,0
DB00917,BE0003668,SLC51B,1,0,0
DB00917,BE0003655,SLCO2A1,1,0,0
DB00917,BE0003656,SLCO4A1,1,0,0
DB00917,BE0003660,SLCO1C1,1,0,0
DB00917,BE0003661,SLCO3A1,1,0,0
DB00917,BE0001004,SLCO1B1,1,0,0
DB00921,BE0001032,ABCB1,0,0,1
DB00921,BE0001067,ABCG2,0,0,1
DB00925,BE0003647,SLC22A2,0,0,1
DB00925,BE0003648,SLC22A1,0,0,1
DB00925,BE0003650,SLC22A3,0,0,1
DB00927,BE0003647,SLC22A2,0,0,1
DB00927,BE0003645,SLC22A8,1,0,1
DB00932,BE0000703,ABCB11,1,0,1
DB00932,BE0001042,SLCO2B1,0,0,1
DB00932,BE0001004,SLCO1B1,0,0,1
DB00932,BE0003659,SLCO1B3,0,0,1
DB00936,BE0001066,SLC22A6,0,0,1
DB00936,BE0003652,SLC22A10,0,0,1
DB00936,BE0003645,SLC22A8,0,0,1
DB00936,BE0000879,SLC22A11,0,0,1
DB00936,BE0001042,SLCO2B1,1,0,0
DB00936,BE0000669,SLC16A1,1,0,0
DB00936,BE0003646,SLC22A7,1,0,0
DB00939,BE0001066,SLC22A6,0,0,1
DB00939,BE0003660,SLCO1C1,0,0,1
DB00943,BE0001066,SLC22A6,1,0,0
DB00943,BE0003646,SLC22A7,1,0,0
DB00943,BE0001204,SLC29A1,0,0,0
DB00943,BE0004706,SLC29A2,0,0,0
DB00945,BE0001066,SLC22A6,0,0,1
DB00945,BE0001032,ABCB1,1,1,0
DB00945,BE0003645,SLC22A8,0,0,1
DB00950,BE0001032,ABCB1,1,0,0
DB00950,BE0001004,SLCO1B1,1,0,0
DB00950,BE0003659,SLCO1B3,1,0,0
DB00950,BE0001042,SLCO2B1,1,0,0
DB00950,BE0003642,SLCO1A2,1,0,0
DB00950,BE0001069,ABCC2,1,0,0
DB00950,BE0001061,ABCC3,1,0,0
DB00950,BE0003645,SLC22A8,1,0,0
DB00957,BE0001069,ABCC2,1,0,0
DB00958,BE0003649,SLC31A1,1,0,0
DB00958,BE0003662,SLC31A2,1,0,0
DB00958,BE0003666,ATP7A,1,0,0
DB00958,BE0003664,ATP7B,1,0,0
DB00958,BE0001067,ABCG2,1,0,0
DB00958,BE0001069,ABCC2,1,0,0
DB00959,BE0001032,ABCB1,1,1,0
DB00966,BE0001032,ABCB1,0,0,1
DB00966,BE0001069,ABCC2,0,0,1
DB00966,BE0001067,ABCG2,0,0,1
DB00966,BE0000703,ABCB11,1,0,0
DB00967,BE0001032,ABCB1,0,0,1
DB00968,BE0001018,SLC15A1,0,0,1
DB00970,BE0000106,SLC22A5,0,0,1
DB00970,BE0001032,ABCB1,1,0,1
DB00970,BE0003640,ABCC6,1,0,0
DB00970,BE0000785,ABCC1,1,0,0
DB00970,BE0001067,ABCG2,1,0,0
DB00972,BE0001032,ABCB1,0,0,1
DB00973,BE0001032,ABCB1,1,0,0
DB00973,BE0001069,ABCC2,1,0,0
DB00973,BE0001004,SLCO1B1,1,0,0
DB00973,BE0004750,ABCG5,1,0,0
DB00973,BE0001061,ABCC3,1,0,0
DB00973,BE0001067,ABCG2,1,0,0
DB00973,BE0004751,ABCG8,1,0,0
DB00973,BE0000703,ABCB11,1,0,0
DB00975,BE0001188,ABCC4,0,0,1
DB00975,BE0003639,ABCC5,0,0,1
DB00975,BE0001032,ABCB1,1,0,1
DB00975,BE0001004,SLCO1B1,0,0,1
DB00975,BE0003659,SLCO1B3,0,0,1
DB00975,BE0001042,SLCO2B1,0,0,1
DB00975,BE0000703,ABCB11,1,0,0
DB00976,BE0001004,SLCO1B1,0,0,1
DB00976,BE0003659,SLCO1B3,0,0,1
DB00977,BE0000703,ABCB11,0,1,1
DB00977,BE0003644,SLC10A1,0,1,0
DB00977,BE0001069,ABCC2,0,1,0
DB00977,BE0001032,ABCB1,1,0,0
DB00978,BE0000106,SLC22A5,0,0,1
DB00978,BE0001069,ABCC2,0,0,1
DB00987,BE0000757,SLC22A4,1,0,0
DB00987,BE0003651,ABCC10,1,0,0
DB00987,BE0001204,SLC29A1,1,0,0
DB00988,BE0003647,SLC22A2,1,0,1
DB00988,BE0003648,SLC22A1,1,0,0
DB00988,BE0003650,SLC22A3,0,0,1
DB00988,BE0000106,SLC22A5,0,0,1
DB00988,BE0003665,POU5F1,1,0,0
DB00996,BE0000222,SLC7A5,1,0,0
DB00997,BE0001032,ABCB1,1,1,1
DB00997,BE0000785,ABCC1,1,0,1
DB00997,BE0001061,ABCC3,0,0,1
DB00997,BE0003640,ABCC6,1,0,1
DB00997,BE0001067,ABCG2,1,0,0
DB00997,BE0003669,SLC22A16,1,0,0
DB00997,BE0003651,ABCC10,0,0,1
DB00997,BE0003673,ABCB8,1,0,0
DB00997,BE0000703,ABCB11,1,0,0
DB00997,BE0004770,RALBP1,1,0,0
DB00997,BE0001069,ABCC2,1,0,0
DB00999,BE0001066,SLC22A6,1,0,1
DB00999,BE0003645,SLC22A8,1,0,0
DB00999,BE0000879,SLC22A11,1,0,0
DB00999,BE0001188,ABCC4,1,0,0
DB01000,BE0000106,SLC22A5,0,0,1
DB01000,BE0001018,SLC15A1,0,0,1
DB01000,BE0001134,SLC15A2,0,0,1
DB01004,BE0003648,SLC22A1,1,0,1
DB01004,BE0001066,SLC22A6,0,0,1
DB01004,BE0003645,SLC22A8,0,0,1
DB01004,BE0003646,SLC22A7,0,0,1
DB01004,BE0003657,SLC47A1,1,0,0
DB01004,BE0004752,SLC47A2,1,0,0
DB01009,BE0001188,ABCC4,0,0,1
DB01009,BE0003642,SLCO1A2,0,0,1
DB01009,BE0001066,SLC22A6,0,0,1
DB01009,BE0003645,SLC22A8,0,0,1
DB01009,BE0000879,SLC22A11,0,0,1
DB01009,BE0003646,SLC22A7,0,0,1
DB01011,BE0001061,ABCC3,0,1,0
DB01015,BE0000703,ABCB11,1,0,0
DB01016,BE0001061,ABCC3,0,0,1
DB01016,BE0000703,ABCB11,1,0,1
DB01016,BE0001032,ABCB1,0,0,1
DB01016,BE0000785,ABCC1,0,0,1
DB01016,BE0001018,SLC15A1,0,0,1
DB01016,BE0003642,SLCO1A2,0,0,1
DB01016,BE0001134,SLC15A2,0,0,1
DB01016,BE0001066,SLC22A6,0,0,1
DB01016,BE0001069,ABCC2,0,0,1
DB01016,BE0001067,ABCG2,1,0,0
DB01016,BE0003646,SLC22A7,0,0,1
DB01016,BE0001042,SLCO2B1,1,0,0
DB01017,BE0001066,SLC22A6,0,0,1
DB01017,BE0003645,SLC22A8,0,0,1
DB01017,BE0000879,SLC22A11,0,0,1
DB01017,BE0003646,SLC22A7,0,0,1
DB01023,BE0001032,ABCB1,0,0,1
DB01023,BE0000703,ABCB11,1,0,0
DB01026,BE0000703,ABCB11,0,0,1
DB01026,BE0001032,ABCB1,0,0,1
DB01026,BE0001004,SLCO1B1,0,0,1
DB01030,BE0001067,ABCG2,1,0,0
DB01030,BE0001032,ABCB1,1,0,0
DB01030,BE0003657,SLC47A1,1,0,1
DB01030,BE0004752,SLC47A2,1,0,0
DB01032,BE0003647,SLC22A2,0,0,1
DB01032,BE0003648,SLC22A1,0,0,1
DB01032,BE0001061,ABCC3,0,0,1
DB01032,BE0001188,ABCC4,0,0,1
DB01032,BE0003639,ABCC5,0,0,1
DB01032,BE0000440,SLC16A7,0,0,1
DB01032,BE0000106,SLC22A5,0,0,1
DB01032,BE0003640,ABCC6,0,0,1
DB01032,BE0000785,ABCC1,0,0,1
DB01032,BE0003642,SLCO1A2,0,0,1
DB01032,BE0000669,SLC16A1,0,0,1
DB01032,BE0003644,SLC10A1,0,0,1
DB01032,BE0001066,SLC22A6,1,0,1
DB01032,BE0003652,SLC22A10,0,0,1
DB01032,BE0003645,SLC22A8,0,0,1
DB01032,BE0001069,ABCC2,1,0,1
DB01032,BE0003658,ABCC11,0,0,1
DB01032,BE0000879,SLC22A11,0,0,1
DB01032,BE0003660,SLCO1C1,0,0,1
DB01032,BE0003646,SLC22A7,0,0,1
DB01032,BE0004782,SLC22A12,0,0,1
DB01032,BE0004783,SLC2A9,0,0,1
DB01033,BE0003645,SLC22A8,1,0,1
DB01033,BE0001188,ABCC4,1,0,0
DB01033,BE0003639,ABCC5,1,0,0
DB01033,BE0004781,SLC28A2,1,0,0
DB01033,BE0003672,SLC28A3,1,0,0
DB01033,BE0001204,SLC29A1,1,0,0
DB01033,BE0004706,SLC29A2,1,0,0
DB01035,BE0003647,SLC22A2,0,0,1
DB01035,BE0003648,SLC22A1,0,0,1
DB01035,BE0003650,SLC22A3,0,0,1
DB01035,BE0000106,SLC22A5,0,0,1
DB01035,BE0000757,SLC22A4,0,0,1
DB01035,BE0003657,SLC47A1,1,0,0
DB01035,BE0004752,SLC47A2,1,0,0
DB01037,BE0001032,ABCB1,0,0,1
DB01039,BE0000703,ABCB11,1,0,0
DB01042,BE0003650,SLC22A3,0,0,1
DB01042,BE0000222,SLC7A5,0,0,0
DB01043,BE0003647,SLC22A2,1,0,0
DB01043,BE0000752,SLC9A1,0,0,0
DB01043,BE0000757,SLC22A4,0,0,0
DB01043,BE0003657,SLC47A1,0,0,0
DB01045,BE0001032,ABCB1,0,1,0
DB01045,BE0003659,SLCO1B3,1,0,1
DB01045,BE0000785,ABCC1,0,0,1
DB01045,BE0003646,SLC22A7,0,0,1
DB01045,BE0001004,SLCO1B1,0,0,1
DB01045,BE0001061,ABCC3,0,1,0
DB01045,BE0003639,ABCC5,0,1,0
DB01045,BE0001042,SLCO2B1,0,0,1
DB01045,BE0003642,SLCO1A2,0,0,1
DB01045,BE0000703,ABCB11,0,0,1
DB01045,BE0001069,ABCC2,0,1,0
DB01045,BE0001066,SLC22A6,0,0,1
DB01045,BE0003645,SLC22A8,0,0,1
DB01050,BE0001042,SLCO2B1,1,0,0
DB01050,BE0001032,ABCB1,1,0,0
DB01050,BE0001188,ABCC4,0,0,1
DB01050,BE0000785,ABCC1,0,0,1
DB01050,BE0003642,SLCO1A2,0,0,1
DB01050,BE0001066,SLC22A6,0,0,1
DB01050,BE0003645,SLC22A8,0,0,1
DB01050,BE0000879,SLC22A11,0,0,1
DB01051,BE0001066,SLC22A6,0,0,1
DB01051,BE0003645,SLC22A8,0,0,1
DB01051,BE0000879,SLC22A11,0,0,1
DB01051,BE0001067,ABCG2,0,0,1
DB01051,BE0001004,SLCO1B1,0,0,1
DB01051,BE0003659,SLCO1B3,0,0,1
DB01051,BE0001042,SLCO2B1,0,0,1
DB01053,BE0000106,SLC22A5,0,0,1
DB01053,BE0001018,SLC15A1,1,0,1
DB01053,BE0001134,SLC15A2,0,0,1
DB01053,BE0001066,SLC22A6,0,0,1
DB01053,BE0003645,SLC22A8,1,0,1
DB01053,BE0000757,SLC22A4,0,0,1
DB01053,BE0000879,SLC22A11,0,0,1
DB01053,BE0001042,SLCO2B1,1,0,0
DB01053,BE0003656,SLCO4A1,1,0,0
DB01053,BE0003661,SLCO3A1,1,0,0
DB01053,BE0001004,SLCO1B1,1,0,0
DB01054,BE0001032,ABCB1,0,0,1
DB01054,BE0000703,ABCB11,1,0,0
DB01059,BE0000106,SLC22A5,0,0,1
DB01059,BE0001066,SLC22A6,0,0,1
DB01060,BE0001018,SLC15A1,0,0,1
DB01060,BE0001134,SLC15A2,0,0,1
DB01060,BE0001066,SLC22A6,0,0,1
DB01065,BE0003645,SLC22A8,0,0,1
DB01067,BE0000703,ABCB11,1,0,0
DB01069,BE0001032,ABCB1,0,0,1
DB01072,BE0001032,ABCB1,1,0,1
DB01072,BE0000785,ABCC1,1,0,1
DB01072,BE0001004,SLCO1B1,0,0,1
DB01072,BE0003659,SLCO1B3,0,0,1
DB01072,BE0000703,ABCB11,1,0,0
DB01072,BE0001042,SLCO2B1,0,0,1
DB01073,BE0001204,SLC29A1,1,0,0
DB01073,BE0003672,SLC28A3,0,0,0
DB01075,BE0003647,SLC22A2,0,0,1
DB01075,BE0000106,SLC22A5,0,0,1
DB01076,BE0001032,ABCB1,1,0,1
DB01076,BE0003642,SLCO1A2,1,0,0
DB01076,BE0001004,SLCO1B1,1,0,1
DB01076,BE0001188,ABCC4,1,0,0
DB01076,BE0003639,ABCC5,1,0,0
DB01076,BE0000785,ABCC1,1,0,0
DB01076,BE0001042,SLCO2B1,1,0,0
DB01076,BE0003659,SLCO1B3,1,0,0
DB01076,BE0001069,ABCC2,1,0,0
DB01076,BE0000703,ABCB11,1,0,0
DB01079,BE0000749,SLC6A4,1,0,1
DB01079,BE0001067,ABCG2,1,0,0
DB01079,BE0001032,ABCB1,1,0,0
DB01080,BE0000536,SLC36A1,0,0,0
DB01082,BE0001066,SLC22A6,0,0,1
DB01086,BE0001032,ABCB1,0,0,1
DB01087,BE0001032,ABCB1,0,0,1
DB01088,BE0001042,SLCO2B1,1,0,0
DB01088,BE0003655,SLCO2A1,1,0,0
DB01088,BE0003661,SLCO3A1,1,0,0
DB01092,BE0003642,SLCO1A2,1,0,1
DB01092,BE0003645,SLC22A8,0,0,1
DB01092,BE0003653,SLCO4C1,1,0,0
DB01092,BE0003659,SLCO1B3,1,0,0
DB01092,BE0003660,SLCO1C1,1,0,0
DB01092,BE0001004,SLCO1B1,1,0,1
DB01094,BE0001067,ABCG2,0,0,1
DB01095,BE0001004,SLCO1B1,1,0,1
DB01095,BE0003659,SLCO1B3,1,0,0
DB01095,BE0001042,SLCO2B1,0,0,0
DB01095,BE0001018,SLC15A1,1,0,1
DB01095,BE0001069,ABCC2,1,0,0
DB01097,BE0001067,ABCG2,1,0,0
DB01098,BE0001188,ABCC4,1,0,0
DB01098,BE0003642,SLCO1A2,0,0,0
DB01098,BE0001004,SLCO1B1,1,0,1
DB01098,BE0003659,SLCO1B3,0,0,0
DB01098,BE0001042,SLCO2B1,0,0,0
DB01098,BE0000030,SLC7A11,0,0,0
DB01098,BE0000703,ABCB11,1,0,0
DB01098,BE0001067,ABCG2,1,0,0
DB01098,BE0001069,ABCC2,1,0,0
DB01098,BE0003645,SLC22A8,1,0,1
DB01098,BE0003644,SLC10A1,0,0,0
DB01100,BE0001032,ABCB1,0,0,1
DB01103,BE0003647,SLC22A2,0,0,1
DB01103,BE0001032,ABCB1,0,0,1
DB01104,BE0001032,ABCB1,0,0,1
DB01110,BE0001032,ABCB1,0,0,1
DB01112,BE0001018,SLC15A1,0,0,1
DB01112,BE0001134,SLC15A2,0,0,1
DB01114,BE0003647,SLC22A2,0,0,1
DB01114,BE0003648,SLC22A1,0,0,1
DB01115,BE0001061,ABCC3,0,1,0
DB01115,BE0001032,ABCB1,1,1,1
DB01115,BE0001069,ABCC2,0,1,0
DB01115,BE0001004,SLCO1B1,0,0,1
DB01115,BE0000703,ABCB11,1,0,0
DB01117,BE0001032,ABCB1,0,0,1
DB01118,BE0001032,ABCB1,0,1,1
DB01118,BE0000703,ABCB11,1,0,1
DB01118,BE0003647,SLC22A2,0,0,1
DB01124,BE0001018,SLC15A1,0,0,1
DB01124,BE0003642,SLCO1A2,0,0,1
DB01124,BE0001066,SLC22A6,0,0,1
DB01124,BE0001134,SLC15A2,0,0,1
DB01124,BE0001042,SLCO2B1,1,0,0
DB01126,BE0009676,Slc6a3,0,0,0
DB01126,BE0009675,Slc18a2,0,0,0
DB01129,BE0001067,ABCG2,0,0,1
DB01132,BE0003659,SLCO1B3,0,0,1
DB01132,BE0001004,SLCO1B1,0,0,1
DB01136,BE0001032,ABCB1,0,0,1
DB01137,BE0001032,ABCB1,1,0,1
DB01137,BE0001066,SLC22A6,1,0,0
DB01137,BE0003647,SLC22A2,0,0,1
DB01137,BE0000757,SLC22A4,0,0,1
DB01137,BE0003657,SLC47A1,1,0,1
DB01137,BE0004752,SLC47A2,0,0,1
DB01138,BE0001061,ABCC3,0,0,1
DB01138,BE0001188,ABCC4,0,0,1
DB01138,BE0003639,ABCC5,0,0,1
DB01138,BE0003640,ABCC6,0,0,1
DB01138,BE0000785,ABCC1,0,0,1
DB01138,BE0001069,ABCC2,1,0,1
DB01138,BE0000703,ABCB11,1,0,0
DB01140,BE0001018,SLC15A1,1,0,1
DB01140,BE0000106,SLC22A5,0,0,1
DB01140,BE0001066,SLC22A6,0,0,1
DB01140,BE0001134,SLC15A2,0,0,1
DB01140,BE0003645,SLC22A8,0,0,1
DB01142,BE0001032,ABCB1,1,0,0
DB01147,BE0001018,SLC15A1,0,0,1
DB01147,BE0001134,SLC15A2,0,0,1
DB01147,BE0001066,SLC22A6,0,0,1
DB01149,BE0001032,ABCB1,0,1,1
DB01149,BE0003659,SLCO1B3,0,0,1
DB01149,BE0001042,SLCO2B1,0,0,1
DB01149,BE0000703,ABCB11,1,0,0
DB01151,BE0001032,ABCB1,0,0,1
DB01151,BE0003648,SLC22A1,0,0,1
DB01151,BE0003650,SLC22A3,0,0,1
DB01151,BE0003647,SLC22A2,0,0,1
DB01151,BE0000106,SLC22A5,0,0,1
DB01151,BE0000757,SLC22A4,0,0,1
DB01156,BE0003647,SLC22A2,0,0,1
DB01160,BE0003647,SLC22A2,0,0,0
DB01160,BE0001066,SLC22A6,0,0,0
DB01160,BE0003646,SLC22A7,0,0,0
DB01160,BE0003645,SLC22A8,0,0,0
DB01160,BE0000879,SLC22A11,0,0,0
DB01160,BE0003655,SLCO2A1,0,0,0
DB01160,BE0003661,SLCO3A1,0,0,0
DB01162,BE0001032,ABCB1,0,0,1
DB01165,BE0000106,SLC22A5,0,0,1
DB01165,BE0000785,ABCC1,0,0,1
DB01165,BE0001066,SLC22A6,0,0,1
DB01165,BE0001069,ABCC2,0,0,1
DB01165,BE0000757,SLC22A4,0,0,1
DB01165,BE0000703,ABCB11,1,0,0
DB01167,BE0001032,ABCB1,0,0,1
DB01167,BE0001042,SLCO2B1,0,0,1
DB01169,BE0001069,ABCC2,0,1,0
DB01169,BE0001032,ABCB1,1,0,0
DB01174,BE0001032,ABCB1,1,1,0
DB01174,BE0001061,ABCC3,0,1,0
DB01174,BE0000703,ABCB11,0,1,0
DB01174,BE0000785,ABCC1,0,1,0
DB01174,BE0003655,SLCO2A1,0,1,0
DB01174,BE0001069,ABCC2,0,1,0
DB01175,BE0001032,ABCB1,1,0,0
DB01177,BE0000785,ABCC1,0,0,1
DB01182,BE0001032,ABCB1,0,0,1
DB01183,BE0003642,SLCO1A2,0,0,1
DB01183,BE0001032,ABCB1,1,0,0
DB01184,BE0001032,ABCB1,1,0,0
DB01193,BE0001032,ABCB1,1,0,0
DB01195,BE0001032,ABCB1,1,0,0
DB01195,BE0003657,SLC47A1,1,0,1
DB01196,BE0001032,ABCB1,0,0,1
DB01197,BE0001032,ABCB1,0,0,1
DB01197,BE0001018,SLC15A1,0,0,1
DB01197,BE0001066,SLC22A6,1,0,1
DB01199,BE0003648,SLC22A1,1,0,0
DB01199,BE0003647,SLC22A2,0,0,0
DB01200,BE0001032,ABCB1,1,0,1
DB01202,BE0001032,ABCB1,1,0,0
DB01203,BE0001032,ABCB1,1,0,0
DB01203,BE0009712,POU2F1,1,0,0
DB01203,BE0004865,POU2F2,1,0,0
DB01203,BE0003657,SLC47A1,1,0,0
DB01203,BE0004752,SLC47A2,1,0,0
DB01204,BE0001032,ABCB1,1,1,1
DB01204,BE0000785,ABCC1,1,0,1
DB01204,BE0001067,ABCG2,1,0,0
DB01208,BE0000106,SLC22A5,0,0,1
DB01208,BE0001069,ABCC2,0,0,1
DB01208,BE0001032,ABCB1,1,0,0
DB01211,BE0003646,SLC22A7,0,0,1
DB01211,BE0001032,ABCB1,1,0,1
DB01211,BE0000703,ABCB11,1,0,0
DB01212,BE0001018,SLC15A1,0,0,1
DB01212,BE0001134,SLC15A2,0,0,1
DB01212,BE0001066,SLC22A6,0,0,1
DB01212,BE0003645,SLC22A8,0,0,1
DB01212,BE0000879,SLC22A11,0,0,1
DB01216,BE0009674,Slc12a5,0,0,0
DB01217,BE0001032,ABCB1,1,0,0
DB01222,BE0000703,ABCB11,1,0,0
DB01222,BE0001032,ABCB1,1,0,0
DB01222,BE0003642,SLCO1A2,1,0,0
DB01222,BE0003645,SLC22A8,1,0,0
DB01224,BE0001032,ABCB1,1,0,0
DB01229,BE0000703,ABCB11,1,0,1
DB01229,BE0001032,ABCB1,1,0,1
DB01229,BE0000785,ABCC1,0,0,1
DB01229,BE0003651,ABCC10,1,0,1
DB01229,BE0003659,SLCO1B3,1,0,0
DB01229,BE0001069,ABCC2,1,0,0
DB01232,BE0001032,ABCB1,1,1,1
DB01232,BE0003648,SLC22A1,0,0,1
DB01232,BE0003642,SLCO1A2,0,0,1
DB01232,BE0001067,ABCG2,0,0,1
DB01232,BE0001004,SLCO1B1,0,0,1
DB01232,BE0000785,ABCC1,1,0,0
DB01232,BE0001069,ABCC2,1,0,0
DB01232,BE0001042,SLCO2B1,0,0,1
DB01232,BE0000703,ABCB11,1,0,0
DB01233,BE0001032,ABCB1,1,0,0
DB01234,BE0001032,ABCB1,1,1,1
DB01234,BE0003645,SLC22A8,1,0,0
DB01234,BE0000703,ABCB11,0,1,0
DB01234,BE0001069,ABCC2,0,1,0
DB01234,BE0001067,ABCG2,0,0,1
DB01234,BE0003642,SLCO1A2,0,0,1
DB01235,BE0001018,SLC15A1,0,0,1
DB01235,BE0003654,SLC16A10,0,0,1
DB01235,BE0000222,SLC7A5,0,0,0
DB01235,BE0000789,SLC7A8,0,0,0
DB01237,BE0001066,SLC22A6,0,0,0
DB01239,BE0001032,ABCB1,0,0,1
DB01242,BE0001032,ABCB1,0,0,1
DB01244,BE0001032,ABCB1,0,0,1
DB01248,BE0001032,ABCB1,1,0,0
DB01248,BE0003651,ABCC10,1,0,0
DB01248,BE0003659,SLCO1B3,1,0,0
DB01248,BE0003646,SLC22A7,1,0,0
DB01248,BE0001067,ABCG2,1,0,0
DB01248,BE0001069,ABCC2,1,0,0
DB01248,BE0000785,ABCC1,1,0,0
DB01253,BE0001032,ABCB1,0,0,1
DB01254,BE0001032,ABCB1,1,0,1
DB01254,BE0001067,ABCG2,1,0,1
DB01255,BE0001018,SLC15A1,1,0,0
DB01259,BE0001032,ABCB1,0,0,1
DB01259,BE0003109,TAP1,0,0,1
DB01261,BE0001032,ABCB1,1,0,0
DB01261,BE0003645,SLC22A8,1,0,0
DB01263,BE0001032,ABCB1,0,0,1
DB01264,BE0001004,SLCO1B1,0,0,1
DB01264,BE0001032,ABCB1,0,0,1
DB01267,BE0001032,ABCB1,1,0,1
DB01268,BE0001188,ABCC4,0,0,1
DB01268,BE0001032,ABCB1,0,0,1
DB01268,BE0001069,ABCC2,0,0,1
DB01268,BE0001067,ABCG2,0,0,1
DB01273,BE0003647,SLC22A2,1,0,1
DB01303,BE0003646,SLC22A7,0,0,1
DB01323,BE0001032,ABCB1,0,1,0
DB01326,BE0001066,SLC22A6,0,0,1
DB01326,BE0003645,SLC22A8,0,0,1
DB01326,BE0000879,SLC22A11,0,0,1
DB01326,BE0003646,SLC22A7,0,0,1
DB01327,BE0001188,ABCC4,1,0,0
DB01327,BE0001066,SLC22A6,1,0,1
DB01327,BE0003645,SLC22A8,0,0,1
DB01327,BE0000879,SLC22A11,0,0,1
DB01329,BE0001066,SLC22A6,0,0,1
DB01329,BE0003645,SLC22A8,0,0,1
DB01329,BE0000879,SLC22A11,0,0,1
DB01329,BE0003646,SLC22A7,0,0,1
DB01332,BE0001018,SLC15A1,1,0,0
DB01332,BE0001066,SLC22A6,1,0,0
DB01332,BE0003645,SLC22A8,1,0,1
DB01333,BE0000106,SLC22A5,0,0,1
DB01333,BE0001018,SLC15A1,1,0,1
DB01333,BE0001134,SLC15A2,0,0,1
DB01333,BE0001066,SLC22A6,0,0,1
DB01333,BE0003657,SLC47A1,1,0,0
DB01337,BE0003648,SLC22A1,1,0,0
DB01337,BE0003647,SLC22A2,0,0,0
DB01339,BE0001032,ABCB1,1,0,0
DB01340,BE0001032,ABCB1,0,0,1
DB01340,BE0001018,SLC15A1,1,0,0
DB01340,BE0001134,SLC15A2,1,0,0
DB01348,BE0001018,SLC15A1,1,0,0
DB01348,BE0001134,SLC15A2,1,0,0
DB01388,BE0001032,ABCB1,0,0,1
DB01390,BE0004675,SLC4A4,1,0,0
DB01390,BE0004676,SLC4A7,1,0,0
DB01390,BE0004680,SLC4A8,1,0,0
DB01390,BE0004677,SLC4A5,1,0,0
DB01390,BE0004683,SLC4A10,1,0,0
DB01393,BE0001004,SLCO1B1,0,0,1
DB01394,BE0001032,ABCB1,1,1,0
DB01396,BE0003642,SLCO1A2,0,0,1
DB01396,BE0003653,SLCO4C1,0,0,1
DB01396,BE0001032,ABCB1,1,0,0
DB01409,BE0000106,SLC22A5,1,0,0
DB01409,BE0000757,SLC22A4,1,0,0
DB01411,BE0001069,ABCC2,0,0,1
DB01413,BE0000106,SLC22A5,0,0,1
DB01413,BE0001018,SLC15A1,0,0,1
DB01413,BE0001134,SLC15A2,0,0,1
DB01414,BE0001066,SLC22A6,1,0,1
DB01414,BE0003645,SLC22A8,1,0,1
DB01415,BE0001018,SLC15A1,1,0,1
DB01415,BE0001134,SLC15A2,0,0,1
DB01415,BE0001066,SLC22A6,1,0,0
DB01415,BE0003645,SLC22A8,1,0,1
DB01418,BE0001032,ABCB1,1,0,0
DB01420,BE0001032,ABCB1,1,0,0
DB01424,BE0001066,SLC22A6,0,0,1
DB01435,BE0001066,SLC22A6,0,0,1
DB01440,BE0000440,SLC16A7,0,0,1
DB01440,BE0000669,SLC16A1,0,0,1
DB01440,BE0000449,SLC16A3,1,0,0
DB01454,BE0000486,SLC6A2,0,0,0
DB01454,BE0000647,SLC6A3,0,0,0
DB01454,BE0000749,SLC6A4,0,0,0
DB01576,BE0000647,SLC6A3,0,0,0
DB01577,BE0003650,SLC22A3,0,0,1
DB01577,BE0000106,SLC22A5,0,0,1
DB01580,BE0003647,SLC22A2,0,0,1
DB01583,BE0003642,SLCO1A2,1,0,0
DB01583,BE0001004,SLCO1B1,1,0,0
DB01583,BE0003659,SLCO1B3,1,0,0
DB01583,BE0003653,SLCO4C1,1,0,0
DB01583,BE0003644,SLC10A1,1,0,0
DB01583,BE0003660,SLCO1C1,1,0,1
DB01583,BE0003656,SLCO4A1,1,0,1
DB01583,BE0003645,SLC22A8,0,0,1
DB01583,BE0000178,SLC16A2,0,0,1
DB01583,BE0003654,SLC16A10,0,0,1
DB01583,BE0001032,ABCB1,0,1,0
DB01586,BE0000703,ABCB11,1,1,1
DB01586,BE0003642,SLCO1A2,1,1,1
DB01586,BE0001069,ABCC2,0,1,0
DB01586,BE0001188,ABCC4,0,0,1
DB01586,BE0003643,SLC10A2,0,0,1
DB01586,BE0003644,SLC10A1,1,0,1
DB01587,BE0001032,ABCB1,1,0,0
DB01590,BE0001004,SLCO1B1,0,0,1
DB01590,BE0003659,SLCO1B3,0,0,1
DB01590,BE0003642,SLCO1A2,0,0,1
DB01597,BE0001066,SLC22A6,0,0,1
DB01597,BE0003645,SLC22A8,0,0,1
DB01601,BE0001032,ABCB1,0,0,1
DB01601,BE0001004,SLCO1B1,0,0,1
DB01601,BE0003659,SLCO1B3,0,0,1
DB01601,BE0000703,ABCB11,1,0,0
DB01606,BE0001066,SLC22A6,1,0,1
DB01606,BE0003645,SLC22A8,1,0,1
DB01610,BE0001018,SLC15A1,0,0,0
DB01610,BE0001134,SLC15A2,0,0,0
DB01610,BE0000423,SLC6A14,0,0,0
DB01611,BE0001032,ABCB1,0,0,1
DB01611,BE0003642,SLCO1A2,0,0,1
DB01621,BE0003648,SLC22A1,0,0,0
DB01623,BE0003648,SLC22A1,0,0,0
DB01645,BE0001032,ABCB1,0,0,1
DB01645,BE0000785,ABCC1,0,0,1
DB01645,BE0001067,ABCG2,0,0,1
DB01645,BE0001004,SLCO1B1,0,0,1
DB01645,BE0001042,SLCO2B1,0,0,1
DB01650,BE0003645,SLC22A8,0,0,1
DB01685,BE0001067,ABCG2,0,0,1
DB01685,BE0003645,SLC22A8,0,0,1
DB01685,BE0001066,SLC22A6,0,0,1
DB01746,BE0003654,SLC16A10,0,0,1
DB01746,BE0000222,SLC7A5,0,0,0
DB01762,BE0000440,SLC16A7,0,0,1
DB01762,BE0000669,SLC16A1,1,0,1
DB01762,BE0000449,SLC16A3,1,0,0
DB01762,BE0004708,SLC5A8,0,0,0
DB01786,BE0003654,SLC16A10,0,0,1
DB01819,BE0003655,SLCO2A1,0,0,1
DB01892,BE0001069,ABCC2,0,1,0
DB01892,BE0001004,SLCO1B1,0,0,1
DB01914,BE0001057,SLC2A1,1,0,0
DB01914,BE0001045,SLC2A2,1,0,0
DB01914,BE0004707,SLC2A3,1,0,0
DB01914,BE0000893,SLC2A4,1,0,0
DB01914,BE0005216,SLC2A5,1,0,0
DB01914,BE0005217,SLC2A6,1,0,0
DB01914,BE0005218,SLC2A7,1,0,0
DB01914,BE0005219,SLC2A8,1,0,0
DB01914,BE0004783,SLC2A9,1,0,0
DB01914,BE0005220,SLC2A10,1,0,0
DB01914,BE0005221,SLC2A11,1,0,0
DB01914,BE0005222,SLC2A12,1,0,0
DB01914,BE0004754,SLC5A1,1,0,0
DB01914,BE0004753,SLC5A2,1,0,0
DB01917,BE0000757,SLC22A4,0,0,1
DB01942,BE0000449,SLC16A3,1,0,0
DB01956,BE0000536,SLC36A1,1,0,0
DB01956,BE0009148,SLC6A6,1,0,0
DB01956,BE0001018,SLC15A1,1,0,0
DB02010,BE0001032,ABCB1,0,0,1
DB02056,BE0003655,SLCO2A1,0,0,0
DB02115,BE0001067,ABCG2,0,0,1
DB02123,BE0000703,ABCB11,1,0,1
DB02123,BE0003642,SLCO1A2,1,0,1
DB02123,BE0003643,SLC10A2,1,0,0
DB02123,BE0003644,SLC10A1,1,0,0
DB02261,BE0001032,ABCB1,0,1,0
DB02263,BE0003655,SLCO2A1,0,0,1
DB02266,BE0001066,SLC22A6,0,0,1
DB02315,BE0001066,SLC22A6,0,0,0
DB02375,BE0000785,ABCC1,0,0,1
DB02527,BE0001188,ABCC4,1,0,1
DB02527,BE0003639,ABCC5,0,0,1
DB02527,BE0003658,ABCC11,1,0,1
DB02527,BE0001066,SLC22A6,1,0,0
DB02527,BE0003645,SLC22A8,1,0,0
DB02527,BE0003646,SLC22A7,1,0,0
DB02530,BE0000536,SLC36A1,0,0,0
DB02556,BE0003654,SLC16A10,1,0,1
DB02556,BE0000222,SLC7A5,0,0,0
DB02587,BE0001032,ABCB1,0,0,1
DB02659,BE0000703,ABCB11,1,1,1
DB02659,BE0001032,ABCB1,0,1,0
DB02659,BE0000785,ABCC1,0,1,0
DB02659,BE0003642,SLCO1A2,1,1,1
DB02659,BE0003643,SLC10A2,1,1,1
DB02659,BE0001069,ABCC2,0,1,0
DB02659,BE0001004,SLCO1B1,1,1,1
DB02659,BE0001061,ABCC3,0,0,1
DB02659,BE0001188,ABCC4,0,0,1
DB02659,BE0003644,SLC10A1,1,0,1
DB02659,BE0003645,SLC22A8,1,0,1
DB02659,BE0003646,SLC22A7,0,0,1
DB02659,BE0003659,SLCO1B3,1,0,0
DB02691,BE0003642,SLCO1A2,0,0,0
DB02691,BE0001004,SLCO1B1,0,0,0
DB02691,BE0003659,SLCO1B3,0,0,0
DB02703,BE0000703,ABCB11,0,0,1
DB02703,BE0001069,ABCC2,0,0,1
DB02703,BE0001067,ABCG2,0,0,1
DB02703,BE0001004,SLCO1B1,0,0,0
DB02745,BE0001204,SLC29A1,0,0,0
DB02746,BE0001042,SLCO2B1,0,0,1
DB02750,BE0000222,SLC7A5,0,0,0
DB02750,BE0000789,SLC7A8,0,0,0
DB02789,BE0004710,SLC10A6,0,0,0
DB02853,BE0000536,SLC36A1,0,0,0
DB02901,BE0001032,ABCB1,1,0,0
DB02952,BE0003654,SLC16A10,1,0,0
DB03066,BE0000440,SLC16A7,0,0,1
DB03066,BE0000669,SLC16A1,1,0,1
DB03066,BE0000449,SLC16A3,1,0,0
DB03107,BE0003654,SLC16A10,1,0,0
DB03128,BE0000106,SLC22A5,0,0,1
DB03128,BE0003648,SLC22A1,1,0,0
DB03166,BE0001042,SLCO2B1,1,0,1
DB03166,BE0000669,SLC16A1,1,0,0
DB03203,BE0001032,ABCB1,1,0,0
DB03225,BE0003654,SLC16A10,0,0,1
DB03424,BE0001018,SLC15A1,0,0,1
DB03424,BE0001134,SLC15A2,1,0,1
DB03467,BE0001042,SLCO2B1,0,0,1
DB03467,BE0001032,ABCB1,0,0,0
DB03467,BE0000785,ABCC1,0,0,1
DB03467,BE0001067,ABCG2,0,0,1
DB03496,BE0001067,ABCG2,1,0,0
DB03553,BE0001066,SLC22A6,1,0,1
DB03553,BE0003645,SLC22A8,1,0,1
DB03553,BE0000879,SLC22A11,0,0,1
DB03553,BE0003646,SLC22A7,1,0,0
DB03566,BE0000757,SLC22A4,0,0,1
DB03566,BE0003648,SLC22A1,1,0,0
DB03581,BE0003655,SLCO2A1,0,0,1
DB03585,BE0001066,SLC22A6,0,0,1
DB03619,BE0000703,ABCB11,0,1,0
DB03619,BE0003642,SLCO1A2,1,0,1
DB03619,BE0003643,SLC10A2,0,0,1
DB03619,BE0003644,SLC10A1,1,0,0
DB03773,BE0000440,SLC16A7,0,0,1
DB03773,BE0000669,SLC16A1,0,0,1
DB03783,BE0001066,SLC22A6,0,0,1
DB03793,BE0001042,SLCO2B1,0,0,1
DB03793,BE0003645,SLC22A8,0,0,1
DB03793,BE0000669,SLC16A1,0,0,0
DB03825,BE0000785,ABCC1,1,0,0
DB03839,BE0003654,SLC16A10,0,0,1
DB03884,BE0000449,SLC16A3,1,0,0
DB03902,BE0001042,SLCO2B1,0,0,1
DB03902,BE0003645,SLC22A8,1,0,0
DB03904,BE0004691,SLC14A2,1,0,0
DB03904,BE0004692,SLC14A1,1,0,0
DB03929,BE0003654,SLC16A10,0,0,1
DB03929,BE0000423,SLC6A14,0,0,0
DB03940,BE0000449,SLC16A3,1,0,0
DB04074,BE0000440,SLC16A7,0,0,1
DB04074,BE0000669,SLC16A1,0,0,1
DB04074,BE0000449,SLC16A3,1,0,0
DB04100,BE0001069,ABCC2,0,0,1
DB04133,BE0000106,SLC22A5,0,0,0
DB04133,BE0001066,SLC22A6,0,0,0
DB04133,BE0003645,SLC22A8,0,0,0
DB04133,BE0000879,SLC22A11,0,0,0
DB04216,BE0000785,ABCC1,0,1,1
DB04216,BE0001069,ABCC2,0,1,0
DB04216,BE0000440,SLC16A7,0,0,1
DB04216,BE0001042,SLCO2B1,0,0,1
DB04216,BE0001032,ABCB1,0,0,1
DB04216,BE0000669,SLC16A1,0,0,1
DB04216,BE0001067,ABCG2,0,0,1
DB04216,BE0001004,SLCO1B1,0,0,1
DB04272,BE0001042,SLCO2B1,0,0,1
DB04335,BE0003672,SLC28A3,0,0,0
DB04343,BE0000449,SLC16A3,1,0,0
DB04348,BE0000703,ABCB11,1,1,0
DB04348,BE0000785,ABCC1,0,1,1
DB04348,BE0003642,SLCO1A2,1,1,1
DB04348,BE0003643,SLC10A2,1,1,0
DB04348,BE0001069,ABCC2,0,1,0
DB04348,BE0001004,SLCO1B1,1,1,1
DB04348,BE0001061,ABCC3,1,0,1
DB04348,BE0001188,ABCC4,0,0,1
DB04348,BE0001032,ABCB1,1,0,1
DB04348,BE0001066,SLC22A6,1,0,1
DB04348,BE0003651,ABCC10,0,0,1
DB04348,BE0003645,SLC22A8,1,0,1
DB04348,BE0003656,SLCO4A1,0,0,1
DB04348,BE0003658,ABCC11,0,0,1
DB04348,BE0003660,SLCO1C1,1,0,1
DB04348,BE0003661,SLCO3A1,0,0,1
DB04348,BE0001067,ABCG2,0,0,1
DB04348,BE0001042,SLCO2B1,1,0,0
DB04348,BE0000669,SLC16A1,1,0,0
DB04348,BE0003644,SLC10A1,1,0,0
DB04348,BE0003667,SLC51A,1,0,0
DB04348,BE0003668,SLC51B,1,0,0
DB04348,BE0003659,SLCO1B3,1,0,0
DB04348,BE0000030,SLC7A11,0,0,0
DB04398,BE0000440,SLC16A7,1,0,1
DB04398,BE0001042,SLCO2B1,1,0,1
DB04398,BE0000669,SLC16A1,1,0,1
DB04398,BE0003654,SLC16A10,1,0,1
DB04398,BE0003655,SLCO2A1,0,0,1
DB04398,BE0000449,SLC16A3,1,0,0
DB04485,BE0003672,SLC28A3,0,0,0
DB04519,BE0001066,SLC22A6,0,0,1
DB04519,BE0003645,SLC22A8,0,0,1
DB04519,BE0000879,SLC22A11,0,0,1
DB04540,BE0001032,ABCB1,0,0,1
DB04540,BE0001067,ABCG2,0,1,0
DB04551,BE0003655,SLCO2A1,0,0,1
DB04552,BE0000440,SLC16A7,0,0,1
DB04552,BE0000669,SLC16A1,0,0,1
DB04557,BE0003655,SLCO2A1,1,0,0
DB04573,BE0003642,SLCO1A2,0,0,1
DB04573,BE0001032,ABCB1,1,1,0
DB04574,BE0003657,SLC47A1,1,0,0
DB04574,BE0004752,SLC47A2,1,0,0
DB04630,BE0001032,ABCB1,1,1,0
DB04630,BE0000106,SLC22A5,0,0,1
DB04630,BE0003642,SLCO1A2,0,0,1
DB04690,BE0001032,ABCB1,1,0,0
DB04690,BE0001067,ABCG2,1,0,0
DB04789,BE0001069,ABCC2,0,0,1
DB04830,BE0003648,SLC22A1,1,0,0
DB04832,BE0001032,ABCB1,0,0,1
DB04840,BE0001032,ABCB1,1,0,0
DB04850,BE0001004,SLCO1B1,0,0,1
DB04855,BE0001032,ABCB1,0,0,1
DB04855,BE0003647,SLC22A2,0,0,1
DB04855,BE0003648,SLC22A1,0,0,1
DB04855,BE0001004,SLCO1B1,0,0,1
DB04855,BE0003659,SLCO1B3,0,0,1
DB04855,BE0003645,SLC22A8,0,0,1
DB04868,BE0001032,ABCB1,1,0,1
DB04868,BE0001067,ABCG2,1,0,1
DB04868,BE0003541,UGT1A1,0,0,1
DB04868,BE0001004,SLCO1B1,0,0,1
DB04881,BE0001067,ABCG2,0,0,1
DB04881,BE0001004,SLCO1B1,0,0,1
DB04948,BE0002369,ABCB5,0,0,1
DB04948,BE0003657,SLC47A1,0,0,1
DB05015,BE0001032,ABCB1,1,0,0
DB05039,BE0001032,ABCB1,1,0,0
DB05154,BE0003645,SLC22A8,0,0,1
DB05239,BE0001004,SLCO1B1,1,0,0
DB05239,BE0003659,SLCO1B3,1,0,1
DB05239,BE0001067,ABCG2,0,0,0
DB05260,BE0004850,TFRC,0,0,0
DB05294,BE0000785,ABCC1,0,0,1
DB05294,BE0001067,ABCG2,0,0,1
DB05294,BE0003647,SLC22A2,0,0,1
DB05381,BE0003647,SLC22A2,1,0,1
DB05381,BE0003648,SLC22A1,0,0,0
DB05381,BE0003650,SLC22A3,0,0,1
DB05381,BE0000106,SLC22A5,0,0,1
DB05383,BE0003647,SLC22A2,0,0,1
DB05521,BE0001032,ABCB1,1,0,1
DB05540,BE0000030,SLC7A11,0,0,0
DB05676,BE0001032,ABCB1,1,0,0
DB05773,BE0001032,ABCB1,1,0,0
DB05804,BE0003645,SLC22A8,0,0,0
DB05804,BE0003642,SLCO1A2,0,0,0
DB05804,BE0001004,SLCO1B1,0,0,0
DB05804,BE0003659,SLCO1B3,0,0,0
DB05804,BE0001042,SLCO2B1,0,0,0
DB05804,BE0004710,SLC10A6,0,0,0
DB05804,BE0000703,ABCB11,1,0,0
DB05812,BE0000785,ABCC1,0,0,1
DB05889,BE0001032,ABCB1,1,0,0
DB05928,BE0001061,ABCC3,0,0,0
DB05928,BE0001067,ABCG2,0,1,1
DB05928,BE0001004,SLCO1B1,0,0,1
DB05928,BE0001042,SLCO2B1,0,0,1
DB05928,BE0003659,SLCO1B3,0,0,1
DB05928,BE0001032,ABCB1,0,0,1
DB06151,BE0001004,SLCO1B1,0,0,1
DB06151,BE0001066,SLC22A6,0,0,0
DB06176,BE0001032,ABCB1,1,0,0
DB06176,BE0003659,SLCO1B3,1,0,0
DB06191,BE0001004,SLCO1B1,0,0,1
DB06207,BE0001032,ABCB1,1,0,0
DB06207,BE0003641,ABCB4,1,0,0
DB06210,BE0001004,SLCO1B1,0,0,1
DB06210,BE0001067,ABCG2,0,0,1
DB06211,BE0003645,SLC22A8,1,0,0
DB06212,BE0001032,ABCB1,1,0,1
DB06215,BE0000510,TF,0,0,0
DB06215,BE0000085,FTL,0,0,0
DB06215,BE0000399,FTH1,0,0,0
DB06228,BE0001032,ABCB1,1,0,0
DB06228,BE0001067,ABCG2,1,0,0
DB06262,BE0000486,SLC6A2,1,0,0
DB06262,BE0003654,SLC16A10,0,0,1
DB06263,BE0002369,ABCB5,1,0,0
DB06282,BE0000879,SLC22A11,1,0,0
DB06287,BE0001032,ABCB1,1,0,1
DB06290,BE0001032,ABCB1,1,0,1
DB06290,BE0001004,SLCO1B1,1,0,1
DB06290,BE0003659,SLCO1B3,1,0,1
DB06290,BE0001069,ABCC2,1,0,1
DB06290,BE0001067,ABCG2,1,0,1
DB06290,BE0001042,SLCO2B1,1,0,0
DB06290,BE0003644,SLC10A1,0,0,1
DB06290,BE0000703,ABCB11,0,0,1
DB06292,BE0001032,ABCB1,1,0,0
DB06335,BE0000785,ABCC1,1,0,0
DB06335,BE0003653,SLCO4C1,1,0,0
DB06335,BE0003645,SLC22A8,1,0,0
DB06403,BE0001032,ABCB1,1,0,0
DB06403,BE0001004,SLCO1B1,1,0,0
DB06403,BE0003659,SLCO1B3,1,0,0
DB06414,BE0001032,ABCB1,0,1,0
DB06414,BE0003641,ABCB4,0,0,1
DB06480,BE0001032,ABCB1,1,0,0
DB06554,BE0000536,SLC36A1,1,0,0
DB06589,BE0001032,ABCB1,1,0,0
DB06589,BE0001067,ABCG2,1,0,0
DB06589,BE0001004,SLCO1B1,0,0,1
DB06589,BE0003541,UGT1A1,0,0,1
DB06603,BE0001032,ABCB1,1,0,0
DB06605,BE0001032,ABCB1,1,0,0
DB06605,BE0001067,ABCG2,1,0,0
DB06608,BE0003647,SLC22A2,0,0,1
DB06608,BE0003657,SLC47A1,0,0,1
DB06608,BE0004752,SLC47A2,0,0,1
DB06616,BE0001032,ABCB1,1,0,1
DB06626,BE0001032,ABCB1,1,0,0
DB06626,BE0001004,SLCO1B1,1,0,1
DB06636,BE0001032,ABCB1,0,0,1
DB06637,BE0003647,SLC22A2,1,0,0
DB06654,BE0001067,ABCG2,0,0,1
DB06654,BE0003661,SLCO3A1,1,0,0
DB06691,BE0000757,SLC22A4,0,0,0
DB06691,BE0000106,SLC22A5,0,0,0
DB06695,BE0001032,ABCB1,1,0,0
DB06702,BE0001032,ABCB1,1,0,0
DB06704,BE0000486,SLC6A2,1,0,0
DB06710,BE0003642,SLCO1A2,0,1,1
DB06710,BE0003645,SLC22A8,0,1,0
DB06721,BE0001004,SLCO1B1,1,0,0
DB06772,BE0001032,ABCB1,1,0,1
DB06772,BE0001067,ABCG2,0,0,1
DB06772,BE0001004,SLCO1B1,0,0,1
DB06772,BE0003659,SLCO1B3,0,0,1
DB06778,BE0000530,ALB,0,0,0
DB06778,BE0001140,CP,0,0,0
DB06784,BE0004850,TFRC,1,0,0
DB06784,BE0000085,FTL,1,0,0
DB06784,BE0000399,FTH1,1,0,0
DB06796,BE0008685,SLC11A2,1,0,0
DB06813,BE0004711,SLC19A1,1,0,0
DB06824,BE0008217,GPC1,1,0,0
DB08795,BE0000106,SLC22A5,0,0,1
DB08795,BE0001018,SLC15A1,0,0,1
DB08795,BE0001134,SLC15A2,0,0,1
DB08816,BE0001032,ABCB1,1,0,1
DB08820,BE0001032,ABCB1,0,0,1
DB08824,BE0000647,SLC6A3,0,0,0
DB08827,BE0001032,ABCB1,0,0,1
DB08828,BE0001032,ABCB1,1,0,0
DB08828,BE0001067,ABCG2,0,0,1
DB08830,BE0001057,SLC2A1,0,0,0
DB08831,BE0001057,SLC2A1,0,0,0
DB08833,BE0003642,SLCO1A2,0,0,0
DB08833,BE0000030,SLC7A11,0,0,0
DB08834,BE0003642,SLCO1A2,0,0,0
DB08834,BE0000030,SLC7A11,0,0,0
DB08835,BE0000536,SLC36A1,1,0,0
DB08836,BE0001018,SLC15A1,0,0,0
DB08836,BE0003642,SLCO1A2,0,0,0
DB08837,BE0003648,SLC22A1,0,0,0
DB08837,BE0003647,SLC22A2,1,0,0
DB08837,BE0003650,SLC22A3,0,0,0
DB08837,BE0000757,SLC22A4,0,0,0
DB08837,BE0000106,SLC22A5,0,0,0
DB08837,BE0003645,SLC22A8,0,0,0
DB08837,BE0003657,SLC47A1,1,0,0
DB08838,BE0003648,SLC22A1,1,0,0
DB08838,BE0003647,SLC22A2,1,0,0
DB08838,BE0003650,SLC22A3,1,0,0
DB08838,BE0004769,SLC7A7,1,0,0
DB08839,BE0003647,SLC22A2,0,0,0
DB08840,BE0003647,SLC22A2,0,0,0
DB08840,BE0003657,SLC47A1,1,0,0
DB08840,BE0004752,SLC47A2,1,0,0
DB08841,BE0003650,SLC22A3,0,0,0
DB08842,BE0000106,SLC22A5,0,0,0
DB08842,BE0004785,Slc22a21,1,0,0
DB08843,BE0001066,SLC22A6,0,0,0
DB08844,BE0001066,SLC22A6,0,0,0
DB08844,BE0003645,SLC22A8,0,0,0
DB08844,BE0004783,SLC2A9,1,0,0
DB08846,BE0001066,SLC22A6,1,0,1
DB08846,BE0000879,SLC22A11,0,0,0
DB08847,BE0000536,SLC36A1,0,0,0
DB08849,BE0000536,SLC36A1,0,0,0
DB08855,BE0001004,SLCO1B1,0,0,0
DB08855,BE0003659,SLCO1B3,0,0,0
DB08856,BE0001004,SLCO1B1,0,0,0
DB08857,BE0001004,SLCO1B1,0,0,0
DB08858,BE0001004,SLCO1B1,0,0,0
DB08860,BE0001004,SLCO1B1,1,0,1
DB08860,BE0003659,SLCO1B3,1,0,0
DB08860,BE0001042,SLCO2B1,1,0,0
DB08860,BE0003644,SLC10A1,1,0,0
DB08860,BE0001067,ABCG2,1,0,0
DB08860,BE0001032,ABCB1,1,0,0
DB08860,BE0001069,ABCC2,1,0,0
DB08860,BE0000703,ABCB11,1,0,0
DB08861,BE0003659,SLCO1B3,0,0,0
DB08862,BE0003659,SLCO1B3,1,0,0
DB08862,BE0001004,SLCO1B1,1,0,1
DB08862,BE0001042,SLCO2B1,0,0,1
DB08864,BE0001032,ABCB1,0,0,1
DB08864,BE0001067,ABCG2,0,0,1
DB08864,BE0001004,SLCO1B1,0,0,1
DB08864,BE0003659,SLCO1B3,0,0,1
DB08865,BE0001032,ABCB1,1,0,1
DB08870,BE0002369,ABCB5,1,0,0
DB08872,BE0004708,SLC5A8,1,0,0
DB08872,BE0000094,SLC5A6,1,0,0
DB08873,BE0001032,ABCB1,0,0,1
DB08874,BE0001032,ABCB1,1,0,1
DB08878,BE0001048,SLC46A1,0,0,0
DB08880,BE0001067,ABCG2,1,0,1
DB08880,BE0001004,SLCO1B1,0,0,1
DB08881,BE0000785,ABCC1,1,0,1
DB08881,BE0001067,ABCG2,1,0,1
DB08882,BE0001032,ABCB1,1,0,0
DB08882,BE0003648,SLC22A1,0,0,1
DB08882,BE0003647,SLC22A2,1,0,1
DB08882,BE0003650,SLC22A3,0,0,1
DB08884,BE0001004,SLCO1B1,1,0,0
DB08884,BE0003659,SLCO1B3,1,0,0
DB08884,BE0001061,ABCC3,1,0,0
DB08884,BE0001069,ABCC2,1,0,0
DB08884,BE0001188,ABCC4,1,0,0
DB08889,BE0001032,ABCB1,1,0,0
DB08892,BE0000669,SLC16A1,1,0,0
DB08893,BE0001032,ABCB1,1,0,1
DB08893,BE0003642,SLCO1A2,1,0,0
DB08896,BE0001032,ABCB1,1,0,1
DB08896,BE0001067,ABCG2,0,0,1
DB08899,BE0001032,ABCB1,0,0,1
DB08901,BE0001032,ABCB1,1,0,1
DB08901,BE0001067,ABCG2,1,0,1
DB08906,BE0001032,ABCB1,1,0,0
DB08906,BE0001004,SLCO1B1,0,0,1
DB08907,BE0001032,ABCB1,1,0,1
DB08907,BE0001069,ABCC2,1,0,0
DB08907,BE0001067,ABCG2,0,0,0
DB08910,BE0001032,ABCB1,1,0,0
DB08912,BE0001032,ABCB1,1,0,0
DB08912,BE0001067,ABCG2,1,0,1
DB08912,BE0001004,SLCO1B1,0,0,1
DB08912,BE0003659,SLCO1B3,0,0,1
DB08912,BE0001066,SLC22A6,0,0,1
DB08912,BE0003645,SLC22A8,0,0,1
DB08916,BE0001032,ABCB1,1,0,1
DB08916,BE0001067,ABCG2,1,0,1
DB08918,BE0001032,ABCB1,1,0,0
DB08930,BE0003647,SLC22A2,0,0,1
DB08930,BE0001067,ABCG2,1,0,0
DB08930,BE0001066,SLC22A6,0,0,1
DB08930,BE0003645,SLC22A8,0,0,1
DB08931,BE0001067,ABCG2,1,0,0
DB08934,BE0001032,ABCB1,1,0,0
DB08934,BE0001067,ABCG2,1,0,0
DB08949,BE0004708,SLC5A8,1,0,0
DB09008,BE0001066,SLC22A6,1,0,0
DB09008,BE0003645,SLC22A8,1,0,1
DB09027,BE0001032,ABCB1,1,0,0
DB09027,BE0001067,ABCG2,0,0,0
DB09054,BE0001067,ABCG2,1,0,0
DB09054,BE0001032,ABCB1,1,0,1
DB09054,BE0001004,SLCO1B1,0,0,1
DB09054,BE0003659,SLCO1B3,0,0,1
DB09060,BE0001069,ABCC2,1,0,0
DB09060,BE0003645,SLC22A8,1,0,0
DB09061,BE0000785,ABCC1,0,0,1
DB09061,BE0001067,ABCG2,0,0,1
DB09061,BE0001204,SLC29A1,0,0,1
DB09063,BE0001032,ABCB1,1,0,0
DB09065,BE0001032,ABCB1,0,0,1
DB09065,BE0001067,ABCG2,0,0,1
DB09065,BE0001004,SLCO1B1,0,0,1
DB09065,BE0003659,SLCO1B3,0,0,1
DB09073,BE0001032,ABCB1,1,0,1
DB09073,BE0001067,ABCG2,1,0,1
DB09073,BE0003648,SLC22A1,0,0,1
DB09074,BE0001032,ABCB1,1,0,0
DB09074,BE0001067,ABCG2,0,0,1
DB09075,BE0001032,ABCB1,1,0,0
DB09076,BE0001032,ABCB1,1,0,0
DB09078,BE0001032,ABCB1,1,0,0
DB09078,BE0001067,ABCG2,1,0,0
DB09078,BE0001066,SLC22A6,0,0,1
DB09078,BE0003645,SLC22A8,0,0,1
DB09078,BE0003647,SLC22A2,0,0,1
DB09078,BE0001004,SLCO1B1,0,0,1
DB09078,BE0000703,ABCB11,0,0,1
DB09079,BE0001032,ABCB1,1,0,1
DB09079,BE0003648,SLC22A1,1,0,1
DB09079,BE0001067,ABCG2,0,0,0
DB09099,BE0001032,ABCB1,1,0,0
DB09102,BE0001032,ABCB1,0,0,1
DB09102,BE0001004,SLCO1B1,0,0,1
DB09102,BE0003659,SLCO1B3,0,0,1
DB09102,BE0001067,ABCG2,0,0,1
DB09130,BE0003649,SLC31A1,1,0,0
DB09130,BE0008685,SLC11A2,1,0,0
DB09130,BE0003666,ATP7A,1,0,0
DB09130,BE0003664,ATP7B,1,0,0
DB09130,BE0003662,SLC31A2,0,0,0
DB09137,BE0001004,SLCO1B1,1,0,0
DB09137,BE0003659,SLCO1B3,1,0,0
DB09142,BE0003659,SLCO1B3,1,0,0
DB09154,BE0008678,SLC25A21,1,0,0
DB09154,BE0000447,SLC13A2,1,0,0
DB09154,BE0008677,SLC13A5,1,0,0
DB09154,BE0008676,SLC25A1,1,0,0
DB09161,BE0001032,ABCB1,1,0,0
DB09161,BE0000785,ABCC1,1,0,0
DB09183,BE0001067,ABCG2,0,0,1
DB09183,BE0002369,ABCB5,1,0,0
DB09183,BE0001032,ABCB1,1,0,0
DB09194,BE0000749,SLC6A4,0,0,1
DB09194,BE0000486,SLC6A2,0,0,1
DB09194,BE0000647,SLC6A3,0,0,1
DB09198,BE0001004,SLCO1B1,0,0,1
DB09198,BE0003661,SLCO3A1,0,0,1
DB09198,BE0001032,ABCB1,0,0,0
DB09213,BE0001188,ABCC4,0,0,0
DB09213,BE0000785,ABCC1,0,0,0
DB09213,BE0003642,SLCO1A2,0,0,0
DB09213,BE0001066,SLC22A6,0,0,0
DB09213,BE0003645,SLC22A8,0,0,0
DB09213,BE0000879,SLC22A11,0,0,0
DB09213,BE0001042,SLCO2B1,0,0,0
DB09213,BE0001032,ABCB1,0,0,0
DB09237,BE0001032,ABCB1,1,0,0
DB09237,BE0003643,SLC10A2,0,0,1
DB09237,BE0000106,SLC22A5,0,0,1
DB09270,BE0001032,ABCB1,1,0,0
DB09272,BE0001004,SLCO1B1,1,0,1
DB09272,BE0001069,ABCC2,1,0,0
DB09272,BE0003645,SLC22A8,1,0,0
DB09279,BE0001004,SLCO1B1,1,0,0
DB09279,BE0001067,ABCG2,1,0,0
DB09280,BE0001032,ABCB1,0,1,1
DB09291,BE0001067,ABCG2,0,0,1
DB09291,BE0001032,ABCB1,0,0,1
DB09292,BE0001004,SLCO1B1,0,0,1
DB09292,BE0003659,SLCO1B3,0,0,1
DB09296,BE0001032,ABCB1,1,0,0
DB09296,BE0008629,UGT1A4,0,0,1
DB09296,BE0001067,ABCG2,1,0,0
DB09297,BE0001067,ABCG2,0,0,1
DB09297,BE0001032,ABCB1,1,0,0
DB09297,BE0001004,SLCO1B1,1,0,1
DB09297,BE0003659,SLCO1B3,1,0,1
DB09298,BE0001066,SLC22A6,1,0,1
DB09298,BE0001004,SLCO1B1,0,0,1
DB09298,BE0003659,SLCO1B3,0,0,1
DB09298,BE0001042,SLCO2B1,0,0,1
DB09299,BE0001032,ABCB1,1,0,0
DB09299,BE0001188,ABCC4,1,0,0
DB09299,BE0001066,SLC22A6,1,0,0
DB09299,BE0003645,SLC22A8,1,0,0
DB09299,BE0001067,ABCG2,1,0,0
DB09299,BE0001004,SLCO1B1,1,0,0
DB09299,BE0003659,SLCO1B3,1,0,0
DB09326,BE0003949,RHCG,0,0,0
DB09327,BE0003646,SLC22A7,1,0,0
DB09327,BE0001204,SLC29A1,1,0,0
DB09327,BE0004706,SLC29A2,1,0,0
DB09327,BE0004705,SLC28A1,1,0,0
DB09327,BE0004781,SLC28A2,1,0,0
DB09327,BE0003672,SLC28A3,1,0,0
DB09330,BE0001032,ABCB1,1,0,0
DB09330,BE0001067,ABCG2,1,0,0
DB09341,BE0001057,SLC2A1,1,0,0
DB09341,BE0001045,SLC2A2,1,0,0
DB09341,BE0004707,SLC2A3,1,0,0
DB09341,BE0000893,SLC2A4,1,0,0
DB09341,BE0005217,SLC2A6,1,0,0
DB09341,BE0005218,SLC2A7,1,0,0
DB09341,BE0005219,SLC2A8,1,0,0
DB09341,BE0004783,SLC2A9,1,0,0
DB09341,BE0005220,SLC2A10,1,0,0
DB09341,BE0005221,SLC2A11,1,0,0
DB09341,BE0005222,SLC2A12,1,0,0
DB09341,BE0004754,SLC5A1,1,0,0
DB09343,BE0003647,SLC22A2,1,0,0
DB09343,BE0003657,SLC47A1,1,0,0
DB09344,BE0001045,SLC2A2,1,0,0
DB09344,BE0005216,SLC2A5,1,0,0
DB09363,BE0000486,SLC6A2,0,0,1
DB09363,BE0008661,VMAT2,0,0,1
DB09374,BE0001069,ABCC2,0,0,0
DB09374,BE0000703,ABCB11,1,0,0
DB09449,BE0005055,SLC20A1,1,0,0
DB09449,BE0008680,SLC20A2,1,0,0
DB09449,BE0008681,SLC34A1,1,0,0
DB09449,BE0008682,SLC34A2,1,0,0
DB09449,BE0008683,SLC34A3,1,0,0
DB09481,BE0005126,TRPM6,1,0,0
DB09481,BE0008673,SLC41A3,1,0,0
DB09481,BE0008674,CNNM2,1,0,0
DB09481,BE0004624,TRPM7,1,0,0
DB09498,BE0000986,SLC8A1,0,1,0
DB09498,BE0000012,CACNA1I,0,1,0
DB09502,BE0000893,SLC2A4,1,0,0
DB09502,BE0001045,SLC2A2,1,0,0
DB09502,BE0001057,SLC2A1,1,0,0
DB09502,BE0004707,SLC2A3,1,0,0
DB09502,BE0004783,SLC2A9,1,0,0
DB09502,BE0005216,SLC2A5,1,0,0
DB09502,BE0005217,SLC2A6,1,0,0
DB09502,BE0005218,SLC2A7,1,0,0
DB09502,BE0005219,SLC2A8,1,0,0
DB09502,BE0005220,SLC2A10,1,0,0
DB09502,BE0005221,SLC2A11,1,0,0
DB09502,BE0005222,SLC2A12,1,0,0
DB09546,BE0000486,SLC6A2,1,0,0
DB11090,BE0003501,MUC1,1,0,0
DB11093,BE0005102,TRPV6,1,0,0
DB11093,BE0000986,SLC8A1,1,0,0
DB11093,BE0005112,TRPV5,1,0,0
DB11093,BE0000739,RYR1,1,0,0
DB11093,BE0005295,RYR2,1,0,0
DB11093,BE0008712,PKD2L1,1,0,0
DB11093,BE0005296,RYR3,1,0,0
DB11093,BE0008713,PKD1L3,1,0,0
DB11093,BE0008714,CATSPER1,1,0,0
DB11093,BE0008715,CACNA1C,1,0,0
DB11093,BE0008717,CACNA1A,1,0,0
DB11093,BE0008716,CACNA1G,1,0,0
DB11093,BE0008718,CACNA1E,1,0,0
DB11098,BE0000281,SLC12A2,1,0,0
DB11098,BE0000502,SLC12A1,1,0,0
DB11127,BE0005533,SEPP1,0,0,0
DB11251,BE0000643,TTPA,1,0,0
DB11251,BE0000076,SEC14L4,1,0,0
DB11251,BE0000256,SEC14L2,1,0,0
DB11251,BE0000339,SEC14L3,1,0,0
DB11251,BE0005852,APOBR,0,0,0
DB11251,BE0000189,SCARB1,0,0,0
DB11251,BE0001032,ABCB1,0,0,0
DB11256,BE0001048,SLC46A1,1,0,0
DB11256,BE0004711,SLC19A1,1,0,0
DB11348,BE0005055,SLC20A1,1,0,0
DB11348,BE0008680,SLC20A2,1,0,0
DB11348,BE0008681,SLC34A1,1,0,0
DB11348,BE0008682,SLC34A2,1,0,0
DB11348,BE0008683,SLC34A3,1,0,0
DB11348,BE0005102,TRPV6,1,0,0
DB11348,BE0000986,SLC8A1,1,0,0
DB11348,BE0005112,TRPV5,1,0,0
DB11348,BE0000739,RYR1,1,0,0
DB11348,BE0005295,RYR2,1,0,0
DB11348,BE0008712,PKD2L1,1,0,0
DB11348,BE0005296,RYR3,1,0,0
DB11348,BE0008713,PKD1L3,1,0,0
DB11348,BE0008714,CATSPER1,1,0,0
DB11348,BE0008715,CACNA1C,1,0,0
DB11348,BE0008717,CACNA1A,1,0,0
DB11348,BE0008716,CACNA1G,1,0,0
DB11348,BE0008718,CACNA1E,1,0,0
DB11362,BE0001004,SLCO1B1,1,0,0
DB11362,BE0003659,SLCO1B3,1,0,0
DB11362,BE0001032,ABCB1,1,0,0
DB11363,BE0001067,ABCG2,0,0,1
DB11431,BE0001032,ABCB1,1,0,0
DB11431,BE0001067,ABCG2,1,0,0
DB11574,BE0001032,ABCB1,1,0,0
DB11575,BE0001032,ABCB1,1,0,0
DB11575,BE0001004,SLCO1B1,1,0,0
DB11575,BE0003659,SLCO1B3,1,0,0
DB11581,BE0001032,ABCB1,1,0,1
DB11581,BE0001067,ABCG2,0,0,1
DB11581,BE0001004,SLCO1B1,0,0,1
DB11586,BE0001004,SLCO1B1,1,0,1
DB11586,BE0003659,SLCO1B3,0,0,1
DB11586,BE0001042,SLCO2B1,1,0,1
DB11586,BE0001032,ABCB1,1,0,1
DB11590,BE0004522,ITPR1,0,0,0
DB11591,BE0002369,ABCB5,1,0,1
DB11591,BE0003642,SLCO1A2,1,0,0
DB11591,BE0001042,SLCO2B1,0,0,1
DB11611,BE0003642,SLCO1A2,1,0,0
DB11611,BE0001042,SLCO2B1,1,0,0
DB11613,BE0001032,ABCB1,1,0,1
DB11613,BE0001067,ABCG2,1,0,1
DB11613,BE0001004,SLCO1B1,0,0,1
DB11613,BE0003659,SLCO1B3,0,0,1
DB11613,BE0001042,SLCO2B1,0,0,1
DB11633,BE0001032,ABCB1,0,0,1
DB11633,BE0001067,ABCG2,0,0,1
DB11633,BE0003647,SLC22A2,0,0,1
DB11635,BE0000643,TTPA,1,0,0
DB11635,BE0000189,SCARB1,1,0,0
DB11635,BE0000802,NPC1L1,1,0,0
DB11635,BE0004750,ABCG5,1,0,0
DB11635,BE0004751,ABCG8,1,0,0
DB11635,BE0000119,ABCA1,1,0,0
DB11635,BE0000076,SEC14L4,1,0,0
DB11635,BE0000256,SEC14L2,1,0,0
DB11635,BE0000339,SEC14L3,1,0,0
DB11635,BE0005852,APOBR,1,0,0
DB11641,BE0002369,ABCB5,1,0,0
DB11641,BE0001032,ABCB1,1,0,0
DB11642,BE0003648,SLC22A1,0,0,1
DB11660,BE0001042,SLCO2B1,1,0,0
DB11672,BE0001032,ABCB1,0,0,1
DB11691,BE0002369,ABCB5,1,0,0
DB11712,BE0001032,ABCB1,1,0,1
DB11732,BE0001032,ABCB1,1,0,1
DB11732,BE0001067,ABCG2,0,0,1
DB11732,BE0003648,SLC22A1,0,0,1
DB11732,BE0003657,SLC47A1,0,0,1
DB11732,BE0004752,SLC47A2,0,0,1
DB11751,BE0001066,SLC22A6,0,0,1
DB11751,BE0003645,SLC22A8,0,0,1
DB11753,BE0003642,SLCO1A2,0,0,1
DB11753,BE0001004,SLCO1B1,0,0,1
DB11753,BE0003659,SLCO1B3,0,0,1
DB11753,BE0003655,SLCO2A1,0,0,1
DB11753,BE0001042,SLCO2B1,0,0,1
DB11753,BE0003657,SLC47A1,0,0,1
DB11753,BE0001032,ABCB1,1,0,1
DB11757,BE0001032,ABCB1,0,0,1
DB11757,BE0001067,ABCG2,0,0,1
DB11757,BE0001004,SLCO1B1,0,0,1
DB11757,BE0003659,SLCO1B3,0,0,1
DB11757,BE0001066,SLC22A6,0,0,1
DB11757,BE0004865,POU2F2,0,0,1
DB11757,BE0003657,SLC47A1,0,0,1
DB11757,BE0004752,SLC47A2,0,0,1
DB11760,BE0001032,ABCB1,1,0,0
DB11760,BE0001067,ABCG2,1,0,0
DB11817,BE0003645,SLC22A8,1,0,1
DB11817,BE0001067,ABCG2,1,0,1
DB11817,BE0004752,SLC47A2,1,0,1
DB11817,BE0001066,SLC22A6,0,0,1
DB11817,BE0003647,SLC22A2,0,0,1
DB11817,BE0003659,SLCO1B3,0,0,1
DB11827,BE0001032,ABCB1,1,0,0
DB11827,BE0001067,ABCG2,1,0,0
DB11828,BE0001032,ABCB1,0,0,1
DB11855,BE0001004,SLCO1B1,1,0,0
DB11855,BE0003659,SLCO1B3,1,0,0
DB11855,BE0001032,ABCB1,1,0,0
DB11855,BE0001067,ABCG2,1,0,0
DB11869,BE0001004,SLCO1B1,0,0,1
DB11869,BE0003659,SLCO1B3,0,0,1
DB11901,BE0001032,ABCB1,0,1,0
DB11901,BE0001067,ABCG2,0,1,0
DB11901,BE0001004,SLCO1B1,0,1,0
DB11901,BE0003647,SLC22A2,0,0,1
DB11901,BE0003645,SLC22A8,0,0,1
DB11901,BE0004752,SLC47A2,0,0,1
DB11901,BE0003657,SLC47A1,0,0,1
DB11942,BE0003659,SLCO1B3,0,0,1
DB11943,BE0002369,ABCB5,1,0,0
DB11943,BE0001067,ABCG2,1,0,0
DB11951,BE0001032,ABCB1,1,0,0
DB11952,BE0001032,ABCB1,1,0,0
DB11952,BE0001067,ABCG2,1,0,0
DB11963,BE0001032,ABCB1,1,0,1
DB11963,BE0001067,ABCG2,1,0,1
DB11963,BE0003648,SLC22A1,0,0,1
DB11978,BE0001032,ABCB1,1,0,1
DB11978,BE0001067,ABCG2,1,0,1
DB11978,BE0003657,SLC47A1,0,0,1
DB11978,BE0004752,SLC47A2,0,0,1
DB11979,BE0001032,ABCB1,1,0,0
DB11979,BE0001004,SLCO1B1,1,0,0
DB11986,BE0001032,ABCB1,1,0,1
DB11995,BE0001032,ABCB1,1,0,0
DB12001,BE0003657,SLC47A1,0,0,1
DB12001,BE0004752,SLC47A2,0,0,1
DB12001,BE0003647,SLC22A2,0,0,1
DB12001,BE0001067,ABCG2,1,0,1
DB12001,BE0001032,ABCB1,1,0,1
DB12010,BE0001067,ABCG2,0,0,1
DB12010,BE0002369,ABCB5,1,0,0
DB12015,BE0001067,ABCG2,1,0,0
DB12015,BE0001032,ABCB1,1,0,1
DB12026,BE0001032,ABCB1,1,0,1
DB12026,BE0001067,ABCG2,1,0,1
DB12026,BE0001004,SLCO1B1,1,0,1
DB12026,BE0003659,SLCO1B3,1,0,1
DB12035,BE0001032,ABCB1,0,0,1
DB12070,BE0001004,SLCO1B1,1,0,0
DB12070,BE0003659,SLCO1B3,1,0,0
DB12070,BE0001032,ABCB1,1,0,1
DB12070,BE0001067,ABCG2,0,0,1
DB12070,BE0000703,ABCB11,0,0,1
DB12070,BE0003645,SLC22A8,0,0,1
DB12070,BE0001069,ABCC2,0,0,1
DB12141,BE0001032,ABCB1,1,0,0
DB12141,BE0003657,SLC47A1,0,0,1
DB12141,BE0001067,ABCG2,0,0,1
DB12141,BE0003648,SLC22A1,0,0,1
DB12147,BE0001032,ABCB1,1,0,1
DB12147,BE0003647,SLC22A2,0,0,1
DB12240,BE0009680,CD79B,0,0,0
DB12243,BE0001066,SLC22A6,1,0,0
DB12243,BE0003645,SLC22A8,1,0,0
DB12267,BE0002369,ABCB5,1,0,1
DB12267,BE0001067,ABCG2,1,0,1
DB12267,BE0003648,SLC22A1,0,0,0
DB12267,BE0003657,SLC47A1,0,0,1
DB12267,BE0004752,SLC47A2,0,0,1
DB12319,BE0001004,SLCO1B1,0,0,1
DB12319,BE0001042,SLCO2B1,0,0,1
DB12319,BE0000703,ABCB11,1,0,0
DB12332,BE0001032,ABCB1,1,0,1
DB12332,BE0001067,ABCG2,1,0,1
DB12332,BE0003657,SLC47A1,0,0,1
DB12332,BE0004752,SLC47A2,0,0,1
DB12332,BE0003648,SLC22A1,0,0,1
DB12332,BE0001188,ABCC4,0,0,1
DB12332,BE0001004,SLCO1B1,0,0,1
DB12332,BE0003659,SLCO1B3,0,0,1
DB12332,BE0001066,SLC22A6,0,0,1
DB12332,BE0003645,SLC22A8,0,0,1
DB12364,BE0001032,ABCB1,1,0,0
DB12364,BE0000090,KCNH2,0,0,1
DB12377,BE0003645,SLC22A8,1,0,0
DB12377,BE0000879,SLC22A11,1,0,0
DB12377,BE0003657,SLC47A1,1,0,0
DB12377,BE0004752,SLC47A2,1,0,0
DB12455,BE0001032,ABCB1,1,0,0
DB12483,BE0001032,ABCB1,1,0,0
DB12483,BE0001067,ABCG2,1,0,0
DB12483,BE0004752,SLC47A2,0,0,1
DB12500,BE0001032,ABCB1,1,0,1
DB12500,BE0001067,ABCG2,0,0,1
DB12500,BE0001004,SLCO1B1,0,0,1
DB12500,BE0003659,SLCO1B3,0,0,1
DB12500,BE0004865,POU2F2,0,0,1
DB12500,BE0003657,SLC47A1,0,0,1
DB12500,BE0004752,SLC47A2,0,0,1
DB12582,BE0001032,ABCB1,0,0,1
DB12598,BE0003648,SLC22A1,1,0,0
DB12598,BE0003647,SLC22A2,1,0,0
DB12615,BE0003657,SLC47A1,0,0,1
DB12615,BE0004752,SLC47A2,0,0,1
DB12712,BE0000703,ABCB11,1,0,0
DB12825,BE0001032,ABCB1,1,0,0
DB12836,BE0001032,ABCB1,1,0,0
DB12866,BE0003645,SLC22A8,0,0,1
DB12941,BE0001067,ABCG2,1,0,1
DB12941,BE0001032,ABCB1,1,0,0
DB12978,BE0003657,SLC47A1,0,0,1
DB12978,BE0004752,SLC47A2,0,0,1
DB12978,BE0001004,SLCO1B1,0,0,1
DB12978,BE0003659,SLCO1B3,0,0,1
DB12978,BE0001042,SLCO2B1,0,0,1
DB13007,BE0001032,ABCB1,1,0,0
DB13092,BE0001570,ompF,1,0,0
DB13092,BE0003941,ompC,1,0,0
DB13125,BE0001032,ABCB1,1,0,1
DB13125,BE0001067,ABCG2,1,0,0
DB13139,BE0001004,SLCO1B1,1,0,0
DB13139,BE0003659,SLCO1B3,1,0,0
DB13146,BE0001032,ABCB1,1,0,0
DB13146,BE0001188,ABCC4,1,0,0
DB13153,BE0001004,SLCO1B1,1,0,0
DB13153,BE0003659,SLCO1B3,1,0,0
DB13154,BE0003659,SLCO1B3,1,0,0
DB13178,BE0009368,SLC5A3,1,0,0
DB13179,BE0001032,ABCB1,0,0,1
DB13257,BE0000510,TF,0,0,0
DB13257,BE0000085,FTL,0,0,0
DB13257,BE0000399,FTH1,0,0,0
DB13257,BE0009342,DMT1,0,0,0
DB13257,BE0002664,fbpA,0,0,0
DB13345,BE0000703,ABCB11,1,0,0
DB13620,BE0000732,ATP1A1,1,0,0
DB13620,BE0000502,SLC12A1,1,0,0
DB13620,BE0009378,ATP4A,1,0,0
DB13751,BE0000703,ABCB11,1,0,0
DB13783,BE0000785,ABCC1,1,0,0
DB13867,BE0001032,ABCB1,1,0,0
DB13867,BE0001004,SLCO1B1,0,0,1
DB13874,BE0001032,ABCB1,0,0,1
DB13874,BE0001067,ABCG2,1,0,1
DB13874,BE0001066,SLC22A6,0,0,1
DB13874,BE0001004,SLCO1B1,0,0,1
DB13874,BE0003647,SLC22A2,0,0,1
DB13874,BE0003659,SLCO1B3,0,0,1
DB13874,BE0003645,SLC22A8,0,0,1
DB13878,BE0001032,ABCB1,1,0,1
DB13878,BE0001067,ABCG2,1,0,1
DB13878,BE0001004,SLCO1B1,0,0,1
DB13878,BE0003659,SLCO1B3,0,0,1
DB13879,BE0001032,ABCB1,1,0,1
DB13879,BE0001067,ABCG2,1,0,1
DB13879,BE0001004,SLCO1B1,1,0,1
DB13879,BE0003659,SLCO1B3,1,0,1
DB13919,BE0001032,ABCB1,0,0,1
DB13919,BE0001004,SLCO1B1,0,0,1
DB13943,BE0003642,SLCO1A2,0,1,1
DB13943,BE0003645,SLC22A8,0,1,0
DB13943,BE0003646,SLC22A7,0,1,0
DB13943,BE0001032,ABCB1,0,0,1
DB13943,BE0003644,SLC10A1,0,0,1
DB13943,BE0003650,SLC22A3,1,0,0
DB13943,BE0000757,SLC22A4,1,0,0
DB13943,BE0001067,ABCG2,1,0,0
DB13944,BE0003642,SLCO1A2,0,1,1
DB13944,BE0003645,SLC22A8,0,1,0
DB13944,BE0003646,SLC22A7,0,1,0
DB13944,BE0001032,ABCB1,0,0,1
DB13944,BE0003644,SLC10A1,0,0,1
DB13944,BE0003650,SLC22A3,1,0,0
DB13944,BE0000757,SLC22A4,1,0,0
DB13944,BE0001067,ABCG2,1,0,0
DB13946,BE0003642,SLCO1A2,0,1,1
DB13946,BE0003645,SLC22A8,0,1,0
DB13946,BE0003646,SLC22A7,0,1,0
DB13946,BE0001032,ABCB1,0,0,1
DB13946,BE0003644,SLC10A1,0,0,1
DB13946,BE0000757,SLC22A4,1,0,0
DB13946,BE0001067,ABCG2,1,0,0
DB13946,BE0003647,SLC22A2,0,0,0
DB13946,BE0003657,SLC47A1,0,0,0
DB13946,BE0003659,SLCO1B3,0,0,0
DB13951,BE0001032,ABCB1,1,0,0
DB13952,BE0003647,SLC22A2,0,0,1
DB13952,BE0003648,SLC22A1,0,0,1
DB13952,BE0003650,SLC22A3,0,0,1
DB13952,BE0001042,SLCO2B1,0,0,1
DB13952,BE0003642,SLCO1A2,0,0,1
DB13952,BE0003651,ABCC10,0,0,1
DB13952,BE0000879,SLC22A11,0,0,1
DB13952,BE0001067,ABCG2,0,0,1
DB13952,BE0001004,SLCO1B1,0,0,1
DB13952,BE0001032,ABCB1,1,0,0
DB13952,BE0003645,SLC22A8,0,0,0
DB13952,BE0003659,SLCO1B3,0,0,0
DB13952,BE0003660,SLCO1C1,0,0,0
DB13952,BE0003656,SLCO4A1,0,0,0
DB13953,BE0003647,SLC22A2,0,0,1
DB13953,BE0003648,SLC22A1,0,0,1
DB13953,BE0003650,SLC22A3,0,0,1
DB13953,BE0001042,SLCO2B1,0,0,1
DB13953,BE0003642,SLCO1A2,0,0,1
DB13953,BE0003651,ABCC10,0,0,1
DB13953,BE0000879,SLC22A11,0,0,1
DB13953,BE0001067,ABCG2,0,0,1
DB13953,BE0001004,SLCO1B1,0,0,1
DB13953,BE0001032,ABCB1,1,0,0
DB13953,BE0003645,SLC22A8,0,0,0
DB13953,BE0003659,SLCO1B3,0,0,0
DB13953,BE0003660,SLCO1C1,0,0,0
DB13953,BE0003656,SLCO4A1,0,0,0
DB13954,BE0003647,SLC22A2,0,0,1
DB13954,BE0003648,SLC22A1,0,0,1
DB13954,BE0003650,SLC22A3,0,0,1
DB13954,BE0001042,SLCO2B1,0,0,1
DB13954,BE0003642,SLCO1A2,0,0,1
DB13954,BE0003651,ABCC10,0,0,1
DB13954,BE0000879,SLC22A11,0,0,1
DB13954,BE0001067,ABCG2,0,0,1
DB13954,BE0001004,SLCO1B1,0,0,1
DB13954,BE0001032,ABCB1,1,0,0
DB13954,BE0003645,SLC22A8,0,0,0
DB13954,BE0003659,SLCO1B3,0,0,0
DB13954,BE0003660,SLCO1C1,0,0,0
DB13954,BE0003656,SLCO4A1,0,0,0
DB13955,BE0003647,SLC22A2,0,0,1
DB13955,BE0003648,SLC22A1,0,0,1
DB13955,BE0003650,SLC22A3,0,0,1
DB13955,BE0001042,SLCO2B1,0,0,1
DB13955,BE0003642,SLCO1A2,0,0,1
DB13955,BE0003651,ABCC10,0,0,1
DB13955,BE0000879,SLC22A11,0,0,1
DB13955,BE0001067,ABCG2,0,0,1
DB13955,BE0001004,SLCO1B1,0,0,1
DB13955,BE0001032,ABCB1,1,0,0
DB13955,BE0003645,SLC22A8,0,0,0
DB13955,BE0003659,SLCO1B3,0,0,0
DB13955,BE0003660,SLCO1C1,0,0,0
DB13955,BE0003656,SLCO4A1,0,0,0
DB13956,BE0003647,SLC22A2,0,0,1
DB13956,BE0003648,SLC22A1,0,0,1
DB13956,BE0003650,SLC22A3,0,0,1
DB13956,BE0001042,SLCO2B1,0,0,1
DB13956,BE0003642,SLCO1A2,0,0,1
DB13956,BE0003651,ABCC10,0,0,1
DB13956,BE0000879,SLC22A11,0,0,1
DB13956,BE0001067,ABCG2,0,0,1
DB13956,BE0001004,SLCO1B1,0,0,1
DB13956,BE0001032,ABCB1,1,0,0
DB13956,BE0003645,SLC22A8,0,0,0
DB13956,BE0003659,SLCO1B3,0,0,0
DB13956,BE0003660,SLCO1C1,0,0,0
DB13956,BE0003656,SLCO4A1,0,0,0
DB13997,BE0002369,ABCB5,1,0,0
DB14003,BE0000643,TTPA,1,0,0
DB14003,BE0000076,SEC14L4,1,0,0
DB14003,BE0000256,SEC14L2,1,0,0
DB14003,BE0000339,SEC14L3,1,0,0
DB14003,BE0005852,APOBR,1,0,0
DB14003,BE0000189,SCARB1,1,0,0
DB14003,BE0001032,ABCB1,1,0,0
DB14006,BE0003647,SLC22A2,1,0,1
DB14006,BE0003648,SLC22A1,1,0,1
DB14006,BE0003650,SLC22A3,0,0,1
DB14006,BE0000106,SLC22A5,0,0,1
DB14006,BE0000757,SLC22A4,0,0,1
DB14006,BE0001059,SLC44A1,1,0,0
DB14006,BE0002182,SLC44A4,1,0,0
DB14006,BE0002183,SLC44A2,1,0,0
DB14006,BE0002184,SLC44A3,1,0,0
DB14006,BE0000696,SLC5A7,1,0,0
DB14009,BE0000785,ABCC1,0,0,1
DB14009,BE0001067,ABCG2,0,0,1
DB14009,BE0001204,SLC29A1,0,0,1
DB14011,BE0000785,ABCC1,0,0,1
DB14011,BE0001067,ABCG2,0,0,1
DB14011,BE0001204,SLC29A1,0,0,1
DB14057,BE0000703,ABCB11,0,0,1
DB14126,BE0001032,ABCB1,1,0,0
DB14126,BE0001066,SLC22A6,1,0,0
DB14126,BE0003645,SLC22A8,1,0,0
DB14126,BE0001188,ABCC4,1,0,0
DB14146,BE0001032,ABCB1,0,0,0
DB14481,BE0005055,SLC20A1,0,0,0
DB14481,BE0008680,SLC20A2,0,0,0
DB14481,BE0008681,SLC34A1,0,0,0
DB14481,BE0008682,SLC34A2,0,0,0
DB14481,BE0008683,SLC34A3,0,0,0
DB14481,BE0005102,TRPV6,0,0,0
DB14481,BE0000986,SLC8A1,0,0,0
DB14481,BE0005112,TRPV5,0,0,0
DB14481,BE0000739,RYR1,0,0,0
DB14481,BE0005295,RYR2,0,0,0
DB14481,BE0008712,PKD2L1,0,0,0
DB14481,BE0005296,RYR3,0,0,0
DB14481,BE0008713,PKD1L3,0,0,0
DB14481,BE0008714,CATSPER1,0,0,0
DB14481,BE0008715,CACNA1C,0,0,0
DB14481,BE0008717,CACNA1A,0,0,0
DB14481,BE0008716,CACNA1G,0,0,0
DB14481,BE0008718,CACNA1E,0,0,0
DB14500,BE0000732,ATP1A1,1,0,0
DB14500,BE0000502,SLC12A1,0,0,0
DB14502,BE0005055,SLC20A1,0,0,0
DB14502,BE0008680,SLC20A2,0,0,0
DB14502,BE0008681,SLC34A1,0,0,0
DB14502,BE0008682,SLC34A2,0,0,0
DB14502,BE0008683,SLC34A3,0,0,0
DB14503,BE0005055,SLC20A1,0,0,0
DB14503,BE0008680,SLC20A2,0,0,0
DB14503,BE0008681,SLC34A1,0,0,0
DB14503,BE0008682,SLC34A2,0,0,0
DB14503,BE0008683,SLC34A3,0,0,0
DB14509,BE0000190,SCNN1A,0,0,0
DB14509,BE0000024,SCNN1B,0,0,0
DB14509,BE0000497,SCNN1G,0,0,0
DB14538,BE0001032,ABCB1,0,0,0
DB14538,BE0003642,SLCO1A2,0,0,0
DB14538,BE0001067,ABCG2,0,0,0
DB14538,BE0003645,SLC22A8,0,0,0
DB14539,BE0001032,ABCB1,0,0,0
DB14539,BE0003642,SLCO1A2,0,0,0
DB14539,BE0001067,ABCG2,0,0,0
DB14539,BE0003645,SLC22A8,0,0,0
DB14540,BE0001032,ABCB1,0,0,0
DB14540,BE0003642,SLCO1A2,0,0,0
DB14540,BE0001067,ABCG2,0,0,0
DB14540,BE0003645,SLC22A8,0,0,0
DB14541,BE0001032,ABCB1,0,0,0
DB14541,BE0003642,SLCO1A2,0,0,0
DB14541,BE0001067,ABCG2,0,0,0
DB14541,BE0003645,SLC22A8,0,0,0
DB14542,BE0001032,ABCB1,0,0,0
DB14542,BE0003642,SLCO1A2,0,0,0
DB14542,BE0001067,ABCG2,0,0,0
DB14542,BE0003645,SLC22A8,0,0,0
DB14543,BE0001032,ABCB1,0,0,0
DB14543,BE0003642,SLCO1A2,0,0,0
DB14543,BE0001067,ABCG2,0,0,0
DB14543,BE0003645,SLC22A8,0,0,0
DB14544,BE0001032,ABCB1,0,0,0
DB14544,BE0003642,SLCO1A2,0,0,0
DB14544,BE0001067,ABCG2,0,0,0
DB14544,BE0003645,SLC22A8,0,0,0
DB14568,BE0003645,SLC22A8,0,0,1
DB14568,BE0001032,ABCB1,1,0,1
DB14635,BE0001032,ABCB1,0,0,0
DB14641,BE0003642,SLCO1A2,0,0,0
DB14641,BE0001032,ABCB1,0,0,0
DB14642,BE0001069,ABCC2,0,0,0
DB14754,BE0003647,SLC22A2,0,0,0
DB14754,BE0000757,SLC22A4,0,0,0
DB14754,BE0000106,SLC22A5,0,0,0
DB14879,BE0009805,mexA,1,0,0
DB14879,BE0009806,fiu,1,0,0
DB14879,BE0004172,cirA,1,0,0
DB14879,BE0009807,piuA,1,0,0
DB14962,BE0001032,ABCB1,1,0,0
DB14962,BE0001004,SLCO1B1,0,0,0
DB14962,BE0003659,SLCO1B3,1,0,0
DB14962,BE0004752,SLC47A2,1,0,0
DB14962,BE0000785,ABCC1,1,0,0
DB14962,BE0001067,ABCG2,1,0,0
DB15035,BE0001032,ABCB1,1,0,0
DB15091,BE0001032,ABCB1,1,0,1
DB15091,BE0001067,ABCG2,1,0,1
DB15091,BE0001004,SLCO1B1,0,0,1
DB15328,BE0001032,ABCB1,1,0,0
DB15328,BE0001067,ABCG2,1,0,0
DB15328,BE0001004,SLCO1B1,1,0,1
DB15328,BE0003659,SLCO1B3,1,0,1
DB15328,BE0001066,SLC22A6,1,0,0
DB15328,BE0003647,SLC22A2,0,0,1
DB15444,BE0001004,SLCO1B1,0,0,1
DB15444,BE0003659,SLCO1B3,0,0,1
DB15444,BE0001032,ABCB1,1,0,1
DB15566,BE0003642,SLCO1A2,0,0,1
DB15566,BE0001032,ABCB1,1,0,0
